2026-09-21T17:23:34.9910300Z Current runner version: '2.337.0'
2026-09-21T17:23:34.9928340Z ##[group]Runner Image Provisioner
2026-09-21T17:23:34.9928950Z Hosted Compute Agent
2026-09-21T17:23:34.9929340Z Version: 20260828.587
2026-09-21T17:23:34.9929800Z Commit: abac92662cab4cc7352de4f9f9d2e2419aad9c29
2026-09-21T17:23:34.9930290Z Build Date: 2026-08-28T16:44:25Z
2026-09-21T17:23:34.9931170Z Worker ID: {147f3dbe-0b0a-4890-8e04-afa75faf79ce}
2026-09-21T17:23:34.9931690Z Azure Region: westus
2026-09-21T17:23:34.9932090Z ##[endgroup]
2026-09-21T17:23:34.9933520Z ##[group]Operating System
2026-09-21T17:23:34.9933980Z macOS
2026-09-21T17:23:34.9934330Z 15.7.9
2026-09-21T17:23:34.9934660Z 24G830
2026-09-21T17:23:34.9935030Z ##[endgroup]
2026-09-21T17:23:34.9935400Z ##[group]Runner Image
2026-09-21T17:23:34.9935820Z Image: macos-15-arm64
2026-09-21T17:23:34.9936210Z Version: 20260907.0337.1
2026-09-21T17:23:34.9937120Z Included Software: https://github.com/actions/runner-images/blob/macos-15-arm64/20260907.0337/images/macos/macos-15-arm64-Readme.md
2026-09-21T17:23:34.9938240Z Image Release: https://github.com/actions/runner-images/releases/tag/macos-15-arm64%2F20260907.0337
2026-09-21T17:23:34.9938930Z ##[endgroup]
2026-09-21T17:23:34.9939700Z ##[group]GITHUB_TOKEN Permissions
2026-09-21T17:23:34.9941620Z Contents: read
2026-09-21T17:23:34.9942020Z Metadata: read
2026-09-21T17:23:34.9942380Z ##[endgroup]
2026-09-21T17:23:34.9944130Z Secret source: Actions
2026-09-21T17:23:34.9944710Z Cache mode: write
2026-09-21T17:23:34.9945220Z Prepare workflow directory
2026-09-21T17:23:35.0257440Z Prepare all required actions
2026-09-21T17:23:35.0302640Z Getting action download info
2026-09-21T17:23:35.4407450Z Download action repository 'actions/checkout@v4' (SHA:11d5960a326750d5838078e36cf38b85af677262)
2026-09-21T17:23:35.6574170Z Download action repository 'maxim-lobanov/setup-xcode@v1' (SHA:ed7a3b1fda3918c0306d1b724322adc0b8cc0a90)
2026-09-21T17:23:36.0089660Z Download action repository 'actions/upload-artifact@v4' (SHA:ea165f8d65b6e75b540449e92b4886f43607fa02)
2026-09-21T17:23:36.1911900Z Complete job name: Build IPA (无签名)
2026-09-21T17:23:36.2425400Z Node 20 is being deprecated. This workflow is running with Node 24 by default. If you need to temporarily use Node 20, you can set the ACTIONS_ALLOW_USE_UNSECURE_NODE_VERSION=true environment variable. For more information see: https://github.blog/changelog/2025-09-19-deprecation-of-node-20-on-github-actions-runners/
2026-09-21T17:23:36.2433930Z ##[group]Run actions/checkout@v4
2026-09-21T17:23:36.2434540Z with:
2026-09-21T17:23:36.2434920Z   repository: JackEric6/CongcongTV-iOS
2026-09-21T17:23:36.2437910Z   token: ***
2026-09-21T17:23:36.2438260Z   ssh-strict: true
2026-09-21T17:23:36.2438640Z   ssh-user: git
2026-09-21T17:23:36.2439030Z   persist-credentials: true
2026-09-21T17:23:36.2439430Z   clean: true
2026-09-21T17:23:36.2439830Z   sparse-checkout-cone-mode: true
2026-09-21T17:23:36.2440280Z   fetch-depth: 1
2026-09-21T17:23:36.2440640Z   fetch-tags: false
2026-09-21T17:23:36.2441020Z   show-progress: true
2026-09-21T17:23:36.2441540Z   lfs: false
2026-09-21T17:23:36.2441920Z   submodules: false
2026-09-21T17:23:36.2442290Z   set-safe-directory: true
2026-09-21T17:23:36.2442650Z   allow-unsafe-pr-checkout: false
2026-09-21T17:23:36.2443310Z ##[endgroup]
2026-09-21T17:23:36.5674920Z Syncing repository: JackEric6/CongcongTV-iOS
2026-09-21T17:23:36.5739210Z ##[group]Getting Git version info
2026-09-21T17:23:36.5829940Z Working directory is '/Users/runner/work/CongcongTV-iOS/CongcongTV-iOS'
2026-09-21T17:23:36.6006860Z [command]/opt/homebrew/bin/git version
2026-09-21T17:23:36.6193390Z git version 2.55.0
2026-09-21T17:23:36.6210120Z ##[endgroup]
2026-09-21T17:23:36.6216240Z Copying '/Users/runner/.gitconfig' to '/Users/runner/work/_temp/7bd7930a-84a1-4059-884e-3854dddb4377/.gitconfig'
2026-09-21T17:23:36.6225850Z Temporarily overriding HOME='/Users/runner/work/_temp/7bd7930a-84a1-4059-884e-3854dddb4377' before making global git config changes
2026-09-21T17:23:36.6227040Z Adding repository directory to the temporary git global config as a safe directory
2026-09-21T17:23:36.6228870Z [command]/opt/homebrew/bin/git config --global --add safe.directory /Users/runner/work/CongcongTV-iOS/CongcongTV-iOS
2026-09-21T17:23:36.6337890Z Deleting the contents of '/Users/runner/work/CongcongTV-iOS/CongcongTV-iOS'
2026-09-21T17:23:36.6344520Z ##[group]Initializing the repository
2026-09-21T17:23:36.6349170Z [command]/opt/homebrew/bin/git init /Users/runner/work/CongcongTV-iOS/CongcongTV-iOS
2026-09-21T17:23:36.6599130Z hint: Using 'master' as the name for the initial branch. This default branch name
2026-09-21T17:23:36.6600080Z hint: will change to "main" in Git 3.0. To configure the initial branch name
2026-09-21T17:23:36.6600880Z hint: to use in all of your new repositories, which will suppress this warning,
2026-09-21T17:23:36.6601580Z hint: call:
2026-09-21T17:23:36.6602090Z hint:
2026-09-21T17:23:36.6602610Z hint: 	git config --global init.defaultBranch <name>
2026-09-21T17:23:36.6603640Z hint:
2026-09-21T17:23:36.6604100Z hint: Names commonly chosen instead of 'master' are 'main', 'trunk' and
2026-09-21T17:23:36.6604970Z hint: 'development'. The just-created branch can be renamed via this command:
2026-09-21T17:23:36.6605530Z hint:
2026-09-21T17:23:36.6605870Z hint: 	git branch -m <name>
2026-09-21T17:23:36.6606260Z hint:
2026-09-21T17:23:36.6606820Z hint: Disable this message with "git config set advice.defaultBranchName false"
2026-09-21T17:23:36.6607780Z Initialized empty Git repository in /Users/runner/work/CongcongTV-iOS/CongcongTV-iOS/.git/
2026-09-21T17:23:36.6612750Z [command]/opt/homebrew/bin/git remote add origin https://github.com/JackEric6/CongcongTV-iOS
2026-09-21T17:23:36.6701530Z ##[endgroup]
2026-09-21T17:23:36.6702400Z ##[group]Disabling automatic garbage collection
2026-09-21T17:23:36.6703050Z [command]/opt/homebrew/bin/git config --local gc.auto 0
2026-09-21T17:23:36.6778820Z ##[endgroup]
2026-09-21T17:23:36.6779550Z ##[group]Setting up auth
2026-09-21T17:23:36.6784310Z [command]/opt/homebrew/bin/git config --local --name-only --get-regexp core\.sshCommand
2026-09-21T17:23:36.6864630Z [command]/opt/homebrew/bin/git submodule foreach --recursive sh -c "git config --local --name-only --get-regexp 'core\.sshCommand' && git config --local --unset-all 'core.sshCommand' || :"
2026-09-21T17:23:36.8093010Z [command]/opt/homebrew/bin/git config --local --name-only --get-regexp http\.https\:\/\/github\.com\/\.extraheader
2026-09-21T17:23:36.8162040Z [command]/opt/homebrew/bin/git submodule foreach --recursive sh -c "git config --local --name-only --get-regexp 'http\.https\:\/\/github\.com\/\.extraheader' && git config --local --unset-all 'http.https://github.com/.extraheader' || :"
2026-09-21T17:23:36.9005340Z [command]/opt/homebrew/bin/git config --local --name-only --get-regexp ^includeIf\.gitdir:
2026-09-21T17:23:36.9065390Z [command]/opt/homebrew/bin/git submodule foreach --recursive git config --local --show-origin --name-only --get-regexp remote.origin.url
2026-09-21T17:23:37.1027380Z [command]/opt/homebrew/bin/git config --local http.https://github.com/.extraheader AUTHORIZATION: basic ***
2026-09-21T17:23:37.1107240Z ##[endgroup]
2026-09-21T17:23:37.1108320Z ##[group]Fetching the repository
2026-09-21T17:23:37.1109530Z [command]/opt/homebrew/bin/git -c protocol.version=2 fetch --no-tags --prune --no-recurse-submodules --depth=1 origin +fbc94e0c962d6041b93455a17a72637bb7e7e67f:refs/remotes/origin/main
2026-09-21T17:23:37.7115630Z From https://github.com/JackEric6/CongcongTV-iOS
2026-09-21T17:23:37.7116580Z  * [new ref]         fbc94e0c962d6041b93455a17a72637bb7e7e67f -> origin/main
2026-09-21T17:23:37.7119260Z ##[endgroup]
2026-09-21T17:23:37.7119930Z ##[group]Determining the checkout info
2026-09-21T17:23:37.7120730Z ##[endgroup]
2026-09-21T17:23:37.7124560Z [command]/opt/homebrew/bin/git sparse-checkout disable
2026-09-21T17:23:37.7199140Z [command]/opt/homebrew/bin/git config --local --unset-all extensions.worktreeConfig
2026-09-21T17:23:37.7258420Z ##[group]Checking out the ref
2026-09-21T17:23:37.7261660Z [command]/opt/homebrew/bin/git checkout --progress --force -B main refs/remotes/origin/main
2026-09-21T17:23:37.7499910Z Switched to a new branch 'main'
2026-09-21T17:23:37.7512230Z branch 'main' set up to track 'origin/main'.
2026-09-21T17:23:37.7516010Z ##[endgroup]
2026-09-21T17:23:37.7603520Z [command]/opt/homebrew/bin/git log -1 --format=%H
2026-09-21T17:23:37.7667390Z fbc94e0c962d6041b93455a17a72637bb7e7e67f
2026-09-21T17:23:37.7862810Z ##[group]Run maxim-lobanov/setup-xcode@v1
2026-09-21T17:23:37.7863320Z with:
2026-09-21T17:23:37.7863740Z   xcode-version: latest-stable
2026-09-21T17:23:37.7864160Z ##[endgroup]
2026-09-21T17:23:37.8679880Z Switching Xcode to version 'latest-stable'...
2026-09-21T17:23:37.9555790Z Xcode is set to 26.3.0 (17C529)
2026-09-21T17:23:38.0021790Z ##[group]Run brew install xcodegen
2026-09-21T17:23:38.0022370Z [36;1mbrew install xcodegen[0m
2026-09-21T17:23:38.0069820Z shell: /bin/bash -e {0}
2026-09-21T17:23:38.0070290Z env:
2026-09-21T17:23:38.0070700Z   MD_APPLE_SDK_ROOT: /Applications/Xcode_26.3.app
2026-09-21T17:23:38.0071320Z ##[endgroup]
2026-09-21T17:23:42.3788370Z [32m==>[0m [1mDownloading bottle manifests[0m
2026-09-21T17:23:42.4096130Z ✔︎ Bottle Manifest xcodegen (2.46.0)
2026-09-21T17:23:42.4096620Z [34m==>[0m [1mWould install 1 formula:[0m
2026-09-21T17:23:42.4198720Z [32m==>[0m [1mFetching downloads for: [32mxcodegen[39m[0m
2026-09-21T17:23:42.4199220Z xcodegen
2026-09-21T17:23:42.7985390Z ✔︎ Bottle xcodegen (2.46.0)
2026-09-21T17:23:42.8701100Z [34m==>[0m [1mPouring xcodegen--2.46.0.arm64_sequoia.bottle.1.tar.gz[0m
2026-09-21T17:23:43.1494680Z 🍺  /opt/homebrew/Cellar/xcodegen/2.46.0: 38 files, 7.5MB
2026-09-21T17:23:43.1661560Z ##[group]Run xcodegen generate
2026-09-21T17:23:43.1661890Z [36;1mxcodegen generate[0m
2026-09-21T17:23:43.1727370Z shell: /bin/bash -e {0}
2026-09-21T17:23:43.1727620Z env:
2026-09-21T17:23:43.1727840Z   MD_APPLE_SDK_ROOT: /Applications/Xcode_26.3.app
2026-09-21T17:23:43.1728090Z ##[endgroup]
2026-09-21T17:23:43.2235510Z ⚙️  Generating plists...
2026-09-21T17:23:43.2236270Z ⚙️  Generating project...
2026-09-21T17:23:43.2351770Z ⚙️  Writing project...
2026-09-21T17:23:43.2421420Z Created project at /Users/runner/work/CongcongTV-iOS/CongcongTV-iOS/CongcongTV.xcodeproj
2026-09-21T17:23:43.2481570Z ##[group]Run xcodebuild \
2026-09-21T17:23:43.2482320Z [36;1mxcodebuild \[0m
2026-09-21T17:23:43.2482610Z [36;1m  -project CongcongTV.xcodeproj \[0m
2026-09-21T17:23:43.2482950Z [36;1m  -scheme CongcongTV \[0m
2026-09-21T17:23:43.2483170Z [36;1m  -configuration Release \[0m
2026-09-21T17:23:43.2483400Z [36;1m  -sdk iphoneos \[0m
2026-09-21T17:23:43.2483620Z [36;1m  -destination 'generic/platform=iOS' \[0m
2026-09-21T17:23:43.2483890Z [36;1m  CODE_SIGNING_ALLOWED=NO \[0m
2026-09-21T17:23:43.2484120Z [36;1m  CODE_SIGNING_REQUIRED=NO \[0m
2026-09-21T17:23:43.2484380Z [36;1m  -derivedDataPath build/DerivedData \[0m
2026-09-21T17:23:43.2484730Z [36;1m  build[0m
2026-09-21T17:23:43.2531860Z shell: /bin/bash -e {0}
2026-09-21T17:23:43.2532170Z env:
2026-09-21T17:23:43.2532370Z   MD_APPLE_SDK_ROOT: /Applications/Xcode_26.3.app
2026-09-21T17:23:43.2532710Z ##[endgroup]
2026-09-21T17:23:44.3807380Z Command line invocation:
2026-09-21T17:23:44.3809060Z     /Applications/Xcode_26.3.app/Contents/Developer/usr/bin/xcodebuild -project CongcongTV.xcodeproj -scheme CongcongTV -configuration Release -sdk iphoneos -destination generic/platform=iOS CODE_SIGNING_ALLOWED=NO CODE_SIGNING_REQUIRED=NO -derivedDataPath build/DerivedData build
2026-09-21T17:23:44.3810100Z 
2026-09-21T17:23:44.3810420Z Build settings from command line:
2026-09-21T17:23:44.3810730Z     CODE_SIGNING_ALLOWED = NO
2026-09-21T17:23:44.3810960Z     CODE_SIGNING_REQUIRED = NO
2026-09-21T17:23:44.3811220Z     SDKROOT = iphoneos26.2
2026-09-21T17:23:44.3811390Z 
2026-09-21T17:23:51.5597560Z ComputePackagePrebuildTargetDependencyGraph
2026-09-21T17:23:51.6201240Z 
2026-09-21T17:23:51.6238900Z Prepare packages
2026-09-21T17:23:51.6239660Z 
2026-09-21T17:23:51.6254140Z CreateBuildRequest
2026-09-21T17:23:51.6259610Z 
2026-09-21T17:23:51.6259770Z SendProjectDescription
2026-09-21T17:23:51.6305920Z 
2026-09-21T17:23:51.6306560Z CreateBuildOperation
2026-09-21T17:23:51.6505740Z 
2026-09-21T17:23:51.6523250Z ComputeTargetDependencyGraph
2026-09-21T17:23:51.6706640Z note: Building targets in dependency order
2026-09-21T17:23:51.6709010Z note: Target dependency graph (1 target)
2026-09-21T17:23:51.6715360Z     Target 'CongcongTV' in project 'CongcongTV' (no dependencies)
2026-09-21T17:23:51.6715930Z 
2026-09-21T17:23:51.6716200Z GatherProvisioningInputs
2026-09-21T17:23:51.6716540Z 
2026-09-21T17:23:51.6716960Z CreateBuildDescription
2026-09-21T17:23:51.6869650Z 
2026-09-21T17:23:51.6874950Z ExecuteExternalTool /Applications/Xcode_26.3.app/Contents/Developer/Toolchains/XcodeDefault.xctoolchain/usr/bin/clang -v -E -dM -isysroot /Applications/Xcode_26.3.app/Contents/Developer/Platforms/iPhoneOS.platform/Developer/SDKs/iPhoneOS26.2.sdk -x c -c /dev/null
2026-09-21T17:23:51.9693220Z 
2026-09-21T17:23:51.9698220Z ExecuteExternalTool /Applications/Xcode_26.3.app/Contents/Developer/Toolchains/XcodeDefault.xctoolchain/usr/bin/swiftc --version
2026-09-21T17:23:51.9698910Z 
2026-09-21T17:23:51.9765150Z ExecuteExternalTool /Applications/Xcode_26.3.app/Contents/Developer/Toolchains/XcodeDefault.xctoolchain/usr/bin/ld -version_details
2026-09-21T17:23:52.1353930Z 
2026-09-21T17:23:52.1506340Z Build description signature: abdbf7694b4f9f564e773a8ff50a154c
2026-09-21T17:23:52.1610610Z Build description path: /Users/runner/work/CongcongTV-iOS/CongcongTV-iOS/build/DerivedData/Build/Intermediates.noindex/XCBuildData/abdbf7694b4f9f564e773a8ff50a154c.xcbuilddata
2026-09-21T17:23:52.1913730Z ClangStatCache /Applications/Xcode_26.3.app/Contents/Developer/Toolchains/XcodeDefault.xctoolchain/usr/bin/clang-stat-cache /Applications/Xcode_26.3.app/Contents/Developer/Platforms/iPhoneOS.platform/Developer/SDKs/iPhoneOS26.2.sdk /Users/runner/work/CongcongTV-iOS/CongcongTV-iOS/build/DerivedData/SDKStatCaches.noindex/iphoneos26.2-23C57-dc75598d0054f22ec865fa860f139d722dd23b4ebda140f7210d155ff1243552.sdkstatcache
2026-09-21T17:23:52.2021130Z     cd /Users/runner/work/CongcongTV-iOS/CongcongTV-iOS/CongcongTV.xcodeproj
2026-09-21T17:23:52.2131470Z     /Applications/Xcode_26.3.app/Contents/Developer/Toolchains/XcodeDefault.xctoolchain/usr/bin/clang-stat-cache /Applications/Xcode_26.3.app/Contents/Developer/Platforms/iPhoneOS.platform/Developer/SDKs/iPhoneOS26.2.sdk -o /Users/runner/work/CongcongTV-iOS/CongcongTV-iOS/build/DerivedData/SDKStatCaches.noindex/iphoneos26.2-23C57-dc75598d0054f22ec865fa860f139d722dd23b4ebda140f7210d155ff1243552.sdkstatcache
2026-09-21T17:23:55.6622660Z 
2026-09-21T17:23:55.6625380Z CreateBuildDirectory /Users/runner/work/CongcongTV-iOS/CongcongTV-iOS/build/DerivedData/Build/Products
2026-09-21T17:23:55.6626950Z     cd /Users/runner/work/CongcongTV-iOS/CongcongTV-iOS/CongcongTV.xcodeproj
2026-09-21T17:23:55.6627760Z     builtin-create-build-directory /Users/runner/work/CongcongTV-iOS/CongcongTV-iOS/build/DerivedData/Build/Products
2026-09-21T17:23:55.6630330Z 
2026-09-21T17:23:55.6631080Z CreateBuildDirectory /Users/runner/work/CongcongTV-iOS/CongcongTV-iOS/build/DerivedData/Build/Intermediates.noindex
2026-09-21T17:23:55.6631860Z     cd /Users/runner/work/CongcongTV-iOS/CongcongTV-iOS/CongcongTV.xcodeproj
2026-09-21T17:23:55.6633270Z     builtin-create-build-directory /Users/runner/work/CongcongTV-iOS/CongcongTV-iOS/build/DerivedData/Build/Intermediates.noindex
2026-09-21T17:23:55.6636680Z 
2026-09-21T17:23:55.6638600Z WriteAuxiliaryFile /Users/runner/work/CongcongTV-iOS/CongcongTV-iOS/build/DerivedData/Build/Intermediates.noindex/CongcongTV.build/Release-iphoneos/CongcongTV-d1327deb47df4642b385db82871d918c-VFS-iphoneos/all-product-headers.yaml
2026-09-21T17:23:55.6640330Z     cd /Users/runner/work/CongcongTV-iOS/CongcongTV-iOS/CongcongTV.xcodeproj
2026-09-21T17:23:55.6642190Z     write-file /Users/runner/work/CongcongTV-iOS/CongcongTV-iOS/build/DerivedData/Build/Intermediates.noindex/CongcongTV.build/Release-iphoneos/CongcongTV-d1327deb47df4642b385db82871d918c-VFS-iphoneos/all-product-headers.yaml
2026-09-21T17:23:55.6650270Z 
2026-09-21T17:23:55.6650690Z CreateBuildDirectory /Users/runner/work/CongcongTV-iOS/CongcongTV-iOS/build/DerivedData/Build/Products/Release-iphoneos
2026-09-21T17:23:55.6651830Z     cd /Users/runner/work/CongcongTV-iOS/CongcongTV-iOS/CongcongTV.xcodeproj
2026-09-21T17:23:55.6653450Z     builtin-create-build-directory /Users/runner/work/CongcongTV-iOS/CongcongTV-iOS/build/DerivedData/Build/Products/Release-iphoneos
2026-09-21T17:23:55.6653940Z 
2026-09-21T17:23:55.6654390Z CreateBuildDirectory /Users/runner/work/CongcongTV-iOS/CongcongTV-iOS/build/DerivedData/Build/Intermediates.noindex/SwiftExplicitPrecompiledModules
2026-09-21T17:23:55.6655090Z     cd /Users/runner/work/CongcongTV-iOS/CongcongTV-iOS/CongcongTV.xcodeproj
2026-09-21T17:23:55.6656390Z     builtin-create-build-directory /Users/runner/work/CongcongTV-iOS/CongcongTV-iOS/build/DerivedData/Build/Intermediates.noindex/SwiftExplicitPrecompiledModules
2026-09-21T17:23:55.6656970Z 
2026-09-21T17:23:55.6657770Z CreateBuildDirectory /Users/runner/work/CongcongTV-iOS/CongcongTV-iOS/build/DerivedData/Build/Intermediates.noindex/ExplicitPrecompiledModules
2026-09-21T17:23:55.6658460Z     cd /Users/runner/work/CongcongTV-iOS/CongcongTV-iOS/CongcongTV.xcodeproj
2026-09-21T17:23:55.6659210Z     builtin-create-build-directory /Users/runner/work/CongcongTV-iOS/CongcongTV-iOS/build/DerivedData/Build/Intermediates.noindex/ExplicitPrecompiledModules
2026-09-21T17:23:55.6660330Z 
2026-09-21T17:23:55.6660720Z CreateBuildDirectory /Users/runner/work/CongcongTV-iOS/CongcongTV-iOS/build/DerivedData/Build/Intermediates.noindex/EagerLinkingTBDs/Release-iphoneos
2026-09-21T17:23:55.6662820Z     cd /Users/runner/work/CongcongTV-iOS/CongcongTV-iOS/CongcongTV.xcodeproj
2026-09-21T17:23:55.6663610Z     builtin-create-build-directory /Users/runner/work/CongcongTV-iOS/CongcongTV-iOS/build/DerivedData/Build/Intermediates.noindex/EagerLinkingTBDs/Release-iphoneos
2026-09-21T17:23:55.6665810Z 
2026-09-21T17:23:55.6666830Z WriteAuxiliaryFile /Users/runner/work/CongcongTV-iOS/CongcongTV-iOS/build/DerivedData/Build/Intermediates.noindex/CongcongTV.build/Release-iphoneos/CongcongTV.build/empty-CongcongTV.plist (in target 'CongcongTV' from project 'CongcongTV')
2026-09-21T17:23:55.6668590Z     cd /Users/runner/work/CongcongTV-iOS/CongcongTV-iOS
2026-09-21T17:23:55.6669700Z     write-file /Users/runner/work/CongcongTV-iOS/CongcongTV-iOS/build/DerivedData/Build/Intermediates.noindex/CongcongTV.build/Release-iphoneos/CongcongTV.build/empty-CongcongTV.plist
2026-09-21T17:23:55.6671830Z 
2026-09-21T17:23:55.6672670Z WriteAuxiliaryFile /Users/runner/work/CongcongTV-iOS/CongcongTV-iOS/build/DerivedData/Build/Intermediates.noindex/CongcongTV.build/Release-iphoneos/CongcongTV.build/Objects-normal/arm64/CongcongTV_const_extract_protocols.json (in target 'CongcongTV' from project 'CongcongTV')
2026-09-21T17:23:55.6673710Z     cd /Users/runner/work/CongcongTV-iOS/CongcongTV-iOS
2026-09-21T17:23:55.6674610Z     write-file /Users/runner/work/CongcongTV-iOS/CongcongTV-iOS/build/DerivedData/Build/Intermediates.noindex/CongcongTV.build/Release-iphoneos/CongcongTV.build/Objects-normal/arm64/CongcongTV_const_extract_protocols.json
2026-09-21T17:23:55.6675330Z 
2026-09-21T17:23:55.6676640Z WriteAuxiliaryFile /Users/runner/work/CongcongTV-iOS/CongcongTV-iOS/build/DerivedData/Build/Intermediates.noindex/CongcongTV.build/Release-iphoneos/CongcongTV.build/Objects-normal/arm64/CongcongTV.SwiftFileList (in target 'CongcongTV' from project 'CongcongTV')
2026-09-21T17:23:55.6680020Z     cd /Users/runner/work/CongcongTV-iOS/CongcongTV-iOS
2026-09-21T17:23:55.6680900Z     write-file /Users/runner/work/CongcongTV-iOS/CongcongTV-iOS/build/DerivedData/Build/Intermediates.noindex/CongcongTV.build/Release-iphoneos/CongcongTV.build/Objects-normal/arm64/CongcongTV.SwiftFileList
2026-09-21T17:23:55.6682190Z 
2026-09-21T17:23:55.6684760Z WriteAuxiliaryFile /Users/runner/work/CongcongTV-iOS/CongcongTV-iOS/build/DerivedData/Build/Intermediates.noindex/CongcongTV.build/Release-iphoneos/CongcongTV.build/Objects-normal/arm64/CongcongTV.SwiftConstValuesFileList (in target 'CongcongTV' from project 'CongcongTV')
2026-09-21T17:23:55.6687550Z     cd /Users/runner/work/CongcongTV-iOS/CongcongTV-iOS
2026-09-21T17:23:55.6690660Z     write-file /Users/runner/work/CongcongTV-iOS/CongcongTV-iOS/build/DerivedData/Build/Intermediates.noindex/CongcongTV.build/Release-iphoneos/CongcongTV.build/Objects-normal/arm64/CongcongTV.SwiftConstValuesFileList
2026-09-21T17:23:55.6691470Z 
2026-09-21T17:23:55.6692320Z WriteAuxiliaryFile /Users/runner/work/CongcongTV-iOS/CongcongTV-iOS/build/DerivedData/Build/Intermediates.noindex/CongcongTV.build/Release-iphoneos/CongcongTV.build/Objects-normal/arm64/CongcongTV.LinkFileList (in target 'CongcongTV' from project 'CongcongTV')
2026-09-21T17:23:55.6693770Z     cd /Users/runner/work/CongcongTV-iOS/CongcongTV-iOS
2026-09-21T17:23:55.6694630Z     write-file /Users/runner/work/CongcongTV-iOS/CongcongTV-iOS/build/DerivedData/Build/Intermediates.noindex/CongcongTV.build/Release-iphoneos/CongcongTV.build/Objects-normal/arm64/CongcongTV.LinkFileList
2026-09-21T17:23:55.6695350Z 
2026-09-21T17:23:55.6697120Z WriteAuxiliaryFile /Users/runner/work/CongcongTV-iOS/CongcongTV-iOS/build/DerivedData/Build/Intermediates.noindex/CongcongTV.build/Release-iphoneos/CongcongTV.build/Objects-normal/arm64/CongcongTV-OutputFileMap.json (in target 'CongcongTV' from project 'CongcongTV')
2026-09-21T17:23:55.6698210Z     cd /Users/runner/work/CongcongTV-iOS/CongcongTV-iOS
2026-09-21T17:23:55.6699270Z     write-file /Users/runner/work/CongcongTV-iOS/CongcongTV-iOS/build/DerivedData/Build/Intermediates.noindex/CongcongTV.build/Release-iphoneos/CongcongTV.build/Objects-normal/arm64/CongcongTV-OutputFileMap.json
2026-09-21T17:23:55.6699910Z 
2026-09-21T17:23:55.6700720Z WriteAuxiliaryFile /Users/runner/work/CongcongTV-iOS/CongcongTV-iOS/build/DerivedData/Build/Intermediates.noindex/CongcongTV.build/Release-iphoneos/CongcongTV.build/CongcongTV.hmap (in target 'CongcongTV' from project 'CongcongTV')
2026-09-21T17:23:55.6701700Z     cd /Users/runner/work/CongcongTV-iOS/CongcongTV-iOS
2026-09-21T17:23:55.6702950Z     write-file /Users/runner/work/CongcongTV-iOS/CongcongTV-iOS/build/DerivedData/Build/Intermediates.noindex/CongcongTV.build/Release-iphoneos/CongcongTV.build/CongcongTV.hmap
2026-09-21T17:23:55.6704910Z 
2026-09-21T17:23:55.6705770Z WriteAuxiliaryFile /Users/runner/work/CongcongTV-iOS/CongcongTV-iOS/build/DerivedData/Build/Intermediates.noindex/CongcongTV.build/Release-iphoneos/CongcongTV.build/CongcongTV.DependencyStaticMetadataFileList (in target 'CongcongTV' from project 'CongcongTV')
2026-09-21T17:23:55.6706880Z     cd /Users/runner/work/CongcongTV-iOS/CongcongTV-iOS
2026-09-21T17:23:55.6707770Z     write-file /Users/runner/work/CongcongTV-iOS/CongcongTV-iOS/build/DerivedData/Build/Intermediates.noindex/CongcongTV.build/Release-iphoneos/CongcongTV.build/CongcongTV.DependencyStaticMetadataFileList
2026-09-21T17:23:55.6708530Z 
2026-09-21T17:23:55.6710310Z WriteAuxiliaryFile /Users/runner/work/CongcongTV-iOS/CongcongTV-iOS/build/DerivedData/Build/Intermediates.noindex/CongcongTV.build/Release-iphoneos/CongcongTV.build/CongcongTV.DependencyMetadataFileList (in target 'CongcongTV' from project 'CongcongTV')
2026-09-21T17:23:55.6711400Z     cd /Users/runner/work/CongcongTV-iOS/CongcongTV-iOS
2026-09-21T17:23:55.6712270Z     write-file /Users/runner/work/CongcongTV-iOS/CongcongTV-iOS/build/DerivedData/Build/Intermediates.noindex/CongcongTV.build/Release-iphoneos/CongcongTV.build/CongcongTV.DependencyMetadataFileList
2026-09-21T17:23:55.6715080Z 
2026-09-21T17:23:55.6715830Z WriteAuxiliaryFile /Users/runner/work/CongcongTV-iOS/CongcongTV-iOS/build/DerivedData/Build/Intermediates.noindex/CongcongTV.build/Release-iphoneos/CongcongTV.build/CongcongTV-project-headers.hmap (in target 'CongcongTV' from project 'CongcongTV')
2026-09-21T17:23:55.6718250Z     cd /Users/runner/work/CongcongTV-iOS/CongcongTV-iOS
2026-09-21T17:23:55.6719300Z     write-file /Users/runner/work/CongcongTV-iOS/CongcongTV-iOS/build/DerivedData/Build/Intermediates.noindex/CongcongTV.build/Release-iphoneos/CongcongTV.build/CongcongTV-project-headers.hmap
2026-09-21T17:23:55.6720410Z 
2026-09-21T17:23:55.6721170Z WriteAuxiliaryFile /Users/runner/work/CongcongTV-iOS/CongcongTV-iOS/build/DerivedData/Build/Intermediates.noindex/CongcongTV.build/Release-iphoneos/CongcongTV.build/CongcongTV-own-target-headers.hmap (in target 'CongcongTV' from project 'CongcongTV')
2026-09-21T17:23:55.6722150Z     cd /Users/runner/work/CongcongTV-iOS/CongcongTV-iOS
2026-09-21T17:23:55.6722970Z     write-file /Users/runner/work/CongcongTV-iOS/CongcongTV-iOS/build/DerivedData/Build/Intermediates.noindex/CongcongTV.build/Release-iphoneos/CongcongTV.build/CongcongTV-own-target-headers.hmap
2026-09-21T17:23:55.6723630Z 
2026-09-21T17:23:55.6724400Z WriteAuxiliaryFile /Users/runner/work/CongcongTV-iOS/CongcongTV-iOS/build/DerivedData/Build/Intermediates.noindex/CongcongTV.build/Release-iphoneos/CongcongTV.build/CongcongTV-generated-files.hmap (in target 'CongcongTV' from project 'CongcongTV')
2026-09-21T17:23:55.6725470Z     cd /Users/runner/work/CongcongTV-iOS/CongcongTV-iOS
2026-09-21T17:23:55.6726350Z     write-file /Users/runner/work/CongcongTV-iOS/CongcongTV-iOS/build/DerivedData/Build/Intermediates.noindex/CongcongTV.build/Release-iphoneos/CongcongTV.build/CongcongTV-generated-files.hmap
2026-09-21T17:23:55.6726990Z 
2026-09-21T17:23:55.6727740Z WriteAuxiliaryFile /Users/runner/work/CongcongTV-iOS/CongcongTV-iOS/build/DerivedData/Build/Intermediates.noindex/CongcongTV.build/Release-iphoneos/CongcongTV.build/CongcongTV-all-target-headers.hmap (in target 'CongcongTV' from project 'CongcongTV')
2026-09-21T17:23:55.6728760Z     cd /Users/runner/work/CongcongTV-iOS/CongcongTV-iOS
2026-09-21T17:23:55.6729920Z     write-file /Users/runner/work/CongcongTV-iOS/CongcongTV-iOS/build/DerivedData/Build/Intermediates.noindex/CongcongTV.build/Release-iphoneos/CongcongTV.build/CongcongTV-all-target-headers.hmap
2026-09-21T17:23:55.6730550Z 
2026-09-21T17:23:55.6731580Z WriteAuxiliaryFile /Users/runner/work/CongcongTV-iOS/CongcongTV-iOS/build/DerivedData/Build/Intermediates.noindex/CongcongTV.build/Release-iphoneos/CongcongTV.build/CongcongTV-all-non-framework-target-headers.hmap (in target 'CongcongTV' from project 'CongcongTV')
2026-09-21T17:23:55.6732680Z     cd /Users/runner/work/CongcongTV-iOS/CongcongTV-iOS
2026-09-21T17:23:55.6733490Z     write-file /Users/runner/work/CongcongTV-iOS/CongcongTV-iOS/build/DerivedData/Build/Intermediates.noindex/CongcongTV.build/Release-iphoneos/CongcongTV.build/CongcongTV-all-non-framework-target-headers.hmap
2026-09-21T17:23:55.6734240Z 
2026-09-21T17:23:55.6734810Z MkDir /Users/runner/work/CongcongTV-iOS/CongcongTV-iOS/build/DerivedData/Build/Products/Release-iphoneos/CongcongTV.app (in target 'CongcongTV' from project 'CongcongTV')
2026-09-21T17:23:55.6735560Z     cd /Users/runner/work/CongcongTV-iOS/CongcongTV-iOS
2026-09-21T17:23:55.6736130Z     /bin/mkdir -p /Users/runner/work/CongcongTV-iOS/CongcongTV-iOS/build/DerivedData/Build/Products/Release-iphoneos/CongcongTV.app
2026-09-21T17:23:55.6736830Z 
2026-09-21T17:23:55.6738070Z ProcessInfoPlistFile /Users/runner/work/CongcongTV-iOS/CongcongTV-iOS/build/DerivedData/Build/Products/Release-iphoneos/CongcongTV.app/Info.plist /Users/runner/work/CongcongTV-iOS/CongcongTV-iOS/build/DerivedData/Build/Intermediates.noindex/CongcongTV.build/Release-iphoneos/CongcongTV.build/empty-CongcongTV.plist (in target 'CongcongTV' from project 'CongcongTV')
2026-09-21T17:23:55.6739460Z     cd /Users/runner/work/CongcongTV-iOS/CongcongTV-iOS
2026-09-21T17:23:55.6741660Z     builtin-infoPlistUtility /Users/runner/work/CongcongTV-iOS/CongcongTV-iOS/build/DerivedData/Build/Intermediates.noindex/CongcongTV.build/Release-iphoneos/CongcongTV.build/empty-CongcongTV.plist -producttype com.apple.product-type.application -genpkginfo /Users/runner/work/CongcongTV-iOS/CongcongTV-iOS/build/DerivedData/Build/Products/Release-iphoneos/CongcongTV.app/PkgInfo -expandbuildsettings -format binary -platform iphoneos -requiredArchitecture arm64 -o /Users/runner/work/CongcongTV-iOS/CongcongTV-iOS/build/DerivedData/Build/Products/Release-iphoneos/CongcongTV.app/Info.plist
2026-09-21T17:23:55.6743740Z 
2026-09-21T17:23:55.6744100Z SwiftDriver CongcongTV normal arm64 com.apple.xcode.tools.swift.compiler (in target 'CongcongTV' from project 'CongcongTV')
2026-09-21T17:23:55.6744690Z     cd /Users/runner/work/CongcongTV-iOS/CongcongTV-iOS
2026-09-21T17:23:55.6763920Z     builtin-SwiftDriver -- /Applications/Xcode_26.3.app/Contents/Developer/Toolchains/XcodeDefault.xctoolchain/usr/bin/swiftc -module-name CongcongTV -O -whole-module-optimization -enforce-exclusivity\=checked @/Users/runner/work/CongcongTV-iOS/CongcongTV-iOS/build/DerivedData/Build/Intermediates.noindex/CongcongTV.build/Release-iphoneos/CongcongTV.build/Objects-normal/arm64/CongcongTV.SwiftFileList -enable-bare-slash-regex -enable-experimental-feature DebugDescriptionMacro -sdk /Applications/Xcode_26.3.app/Contents/Developer/Platforms/iPhoneOS.platform/Developer/SDKs/iPhoneOS26.2.sdk -target arm64-apple-ios17.0 -g -module-cache-path /Users/runner/work/CongcongTV-iOS/CongcongTV-iOS/build/DerivedData/ModuleCache.noindex -Xfrontend -serialize-debugging-options -swift-version 5 -I /Users/runner/work/CongcongTV-iOS/CongcongTV-iOS/build/DerivedData/Build/Products/Release-iphoneos -F /Users/runner/work/CongcongTV-iOS/CongcongTV-iOS/build/DerivedData/Build/Products/Release-iphoneos -emit-localized-strings -emit-localized-strings-path /Users/runner/work/CongcongTV-iOS/CongcongTV-iOS/build/DerivedData/Build/Intermediates.noindex/CongcongTV.build/Release-iphoneos/CongcongTV.build/Objects-normal/arm64 -c -num-threads 3 -Xcc -ivfsstatcache -Xcc /Users/runner/work/CongcongTV-iOS/CongcongTV-iOS/build/DerivedData/SDKStatCaches.noindex/iphoneos26.2-23C57-dc75598d0054f22ec865fa860f139d722dd23b4ebda140f7210d155ff1243552.sdkstatcache -output-file-map /Users/runner/work/CongcongTV-iOS/CongcongTV-iOS/build/DerivedData/Build/Intermediates.noindex/CongcongTV.build/Release-iphoneos/CongcongTV.build/Objects-normal/arm64/CongcongTV-OutputFileMap.json -use-frontend-parseable-output -save-temps -no-color-diagnostics -explicit-module-build -module-cache-path /Users/runner/work/CongcongTV-iOS/CongcongTV-iOS/build/DerivedData/Build/Intermediates.noindex/SwiftExplicitPrecompiledModules -clang-scanner-module-cache-path /Users/runner/work/CongcongTV-iOS/CongcongTV-iOS/build/DerivedData/ModuleCache.noindex -sdk-module-cache-path /Users/runner/work/CongcongTV-iOS/CongcongTV-iOS/build/DerivedData/ModuleCache.noindex -serialize-diagnostics -emit-dependencies -emit-module -emit-module-path /Users/runner/work/CongcongTV-iOS/CongcongTV-iOS/build/DerivedData/Build/Intermediates.noindex/CongcongTV.build/Release-iphoneos/CongcongTV.build/Objects-normal/arm64/CongcongTV.swiftmodule -validate-clang-modules-once -clang-build-session-file /Users/runner/work/CongcongTV-iOS/CongcongTV-iOS/build/DerivedData/ModuleCache.noindex/Session.modulevalidation -Xcc -I/Users/runner/work/CongcongTV-iOS/CongcongTV-iOS/build/DerivedData/Build/Intermediates.noindex/CongcongTV.build/Release-iphoneos/CongcongTV.build/swift-overrides.hmap -emit-const-values -Xfrontend -const-gather-protocols-file -Xfrontend /Users/runner/work/CongcongTV-iOS/CongcongTV-iOS/build/DerivedData/Build/Intermediates.noindex/CongcongTV.build/Release-iphoneos/CongcongTV.build/Objects-normal/arm64/CongcongTV_const_extract_protocols.json -Xcc -iquote -Xcc /Users/runner/work/CongcongTV-iOS/CongcongTV-iOS/build/DerivedData/Build/Intermediates.noindex/CongcongTV.build/Release-iphoneos/CongcongTV.build/CongcongTV-generated-files.hmap -Xcc -I/Users/runner/work/CongcongTV-iOS/CongcongTV-iOS/build/DerivedData/Build/Intermediates.noindex/CongcongTV.build/Release-iphoneos/CongcongTV.build/CongcongTV-own-target-headers.hmap -Xcc -I/Users/runner/work/CongcongTV-iOS/CongcongTV-iOS/build/DerivedData/Build/Intermediates.noindex/CongcongTV.build/Release-iphoneos/CongcongTV.build/CongcongTV-all-target-headers.hmap -Xcc -iquote -Xcc /Users/runner/work/CongcongTV-iOS/CongcongTV-iOS/build/DerivedData/Build/Intermediates.noindex/CongcongTV.build/Release-iphoneos/CongcongTV.build/CongcongTV-project-headers.hmap -Xcc -I/Users/runner/work/CongcongTV-iOS/CongcongTV-iOS/build/DerivedData/Build/Products/Release-iphoneos/include -Xcc -I/Users/runner/work/CongcongTV-iOS/CongcongTV-iOS/build/DerivedData/Build/Intermediates.noindex/CongcongTV.build/Release-iphoneos/CongcongTV.build/DerivedSources-normal/arm64 -Xcc -I/Users/runner/work/CongcongTV-iOS/CongcongTV-iOS/build/DerivedData/Build/Intermediates.noindex/CongcongTV.build/Release-iphoneos/CongcongTV.build/DerivedSources/arm64 -Xcc -I/Users/runner/work/CongcongTV-iOS/CongcongTV-iOS/build/DerivedData/Build/Intermediates.noindex/CongcongTV.build/Release-iphoneos/CongcongTV.build/DerivedSources -emit-objc-header -emit-objc-header-path /Users/runner/work/CongcongTV-iOS/CongcongTV-iOS/build/DerivedData/Build/Intermediates.noindex/CongcongTV.build/Release-iphoneos/CongcongTV.build/Objects-normal/arm64/CongcongTV-Swift.h -working-directory /Users/runner/work/CongcongTV-iOS/CongcongTV-iOS -no-emit-module-separately-wmo
2026-09-21T17:23:57.4987300Z 
2026-09-21T17:23:57.5080450Z SwiftDriver\ Compilation CongcongTV normal arm64 com.apple.xcode.tools.swift.compiler (in target 'CongcongTV' from project 'CongcongTV')
2026-09-21T17:23:57.5081640Z     cd /Users/runner/work/CongcongTV-iOS/CongcongTV-iOS
2026-09-21T17:23:57.5098620Z     builtin-Swift-Compilation -- /Applications/Xcode_26.3.app/Contents/Developer/Toolchains/XcodeDefault.xctoolchain/usr/bin/swiftc -module-name CongcongTV -O -whole-module-optimization -enforce-exclusivity\=checked @/Users/runner/work/CongcongTV-iOS/CongcongTV-iOS/build/DerivedData/Build/Intermediates.noindex/CongcongTV.build/Release-iphoneos/CongcongTV.build/Objects-normal/arm64/CongcongTV.SwiftFileList -enable-bare-slash-regex -enable-experimental-feature DebugDescriptionMacro -sdk /Applications/Xcode_26.3.app/Contents/Developer/Platforms/iPhoneOS.platform/Developer/SDKs/iPhoneOS26.2.sdk -target arm64-apple-ios17.0 -g -module-cache-path /Users/runner/work/CongcongTV-iOS/CongcongTV-iOS/build/DerivedData/ModuleCache.noindex -Xfrontend -serialize-debugging-options -swift-version 5 -I /Users/runner/work/CongcongTV-iOS/CongcongTV-iOS/build/DerivedData/Build/Products/Release-iphoneos -F /Users/runner/work/CongcongTV-iOS/CongcongTV-iOS/build/DerivedData/Build/Products/Release-iphoneos -emit-localized-strings -emit-localized-strings-path /Users/runner/work/CongcongTV-iOS/CongcongTV-iOS/build/DerivedData/Build/Intermediates.noindex/CongcongTV.build/Release-iphoneos/CongcongTV.build/Objects-normal/arm64 -c -num-threads 3 -Xcc -ivfsstatcache -Xcc /Users/runner/work/CongcongTV-iOS/CongcongTV-iOS/build/DerivedData/SDKStatCaches.noindex/iphoneos26.2-23C57-dc75598d0054f22ec865fa860f139d722dd23b4ebda140f7210d155ff1243552.sdkstatcache -output-file-map /Users/runner/work/CongcongTV-iOS/CongcongTV-iOS/build/DerivedData/Build/Intermediates.noindex/CongcongTV.build/Release-iphoneos/CongcongTV.build/Objects-normal/arm64/CongcongTV-OutputFileMap.json -use-frontend-parseable-output -save-temps -no-color-diagnostics -explicit-module-build -module-cache-path /Users/runner/work/CongcongTV-iOS/CongcongTV-iOS/build/DerivedData/Build/Intermediates.noindex/SwiftExplicitPrecompiledModules -clang-scanner-module-cache-path /Users/runner/work/CongcongTV-iOS/CongcongTV-iOS/build/DerivedData/ModuleCache.noindex -sdk-module-cache-path /Users/runner/work/CongcongTV-iOS/CongcongTV-iOS/build/DerivedData/ModuleCache.noindex -serialize-diagnostics -emit-dependencies -emit-module -emit-module-path /Users/runner/work/CongcongTV-iOS/CongcongTV-iOS/build/DerivedData/Build/Intermediates.noindex/CongcongTV.build/Release-iphoneos/CongcongTV.build/Objects-normal/arm64/CongcongTV.swiftmodule -validate-clang-modules-once -clang-build-session-file /Users/runner/work/CongcongTV-iOS/CongcongTV-iOS/build/DerivedData/ModuleCache.noindex/Session.modulevalidation -Xcc -I/Users/runner/work/CongcongTV-iOS/CongcongTV-iOS/build/DerivedData/Build/Intermediates.noindex/CongcongTV.build/Release-iphoneos/CongcongTV.build/swift-overrides.hmap -emit-const-values -Xfrontend -const-gather-protocols-file -Xfrontend /Users/runner/work/CongcongTV-iOS/CongcongTV-iOS/build/DerivedData/Build/Intermediates.noindex/CongcongTV.build/Release-iphoneos/CongcongTV.build/Objects-normal/arm64/CongcongTV_const_extract_protocols.json -Xcc -iquote -Xcc /Users/runner/work/CongcongTV-iOS/CongcongTV-iOS/build/DerivedData/Build/Intermediates.noindex/CongcongTV.build/Release-iphoneos/CongcongTV.build/CongcongTV-generated-files.hmap -Xcc -I/Users/runner/work/CongcongTV-iOS/CongcongTV-iOS/build/DerivedData/Build/Intermediates.noindex/CongcongTV.build/Release-iphoneos/CongcongTV.build/CongcongTV-own-target-headers.hmap -Xcc -I/Users/runner/work/CongcongTV-iOS/CongcongTV-iOS/build/DerivedData/Build/Intermediates.noindex/CongcongTV.build/Release-iphoneos/CongcongTV.build/CongcongTV-all-target-headers.hmap -Xcc -iquote -Xcc /Users/runner/work/CongcongTV-iOS/CongcongTV-iOS/build/DerivedData/Build/Intermediates.noindex/CongcongTV.build/Release-iphoneos/CongcongTV.build/CongcongTV-project-headers.hmap -Xcc -I/Users/runner/work/CongcongTV-iOS/CongcongTV-iOS/build/DerivedData/Build/Products/Release-iphoneos/include -Xcc -I/Users/runner/work/CongcongTV-iOS/CongcongTV-iOS/build/DerivedData/Build/Intermediates.noindex/CongcongTV.build/Release-iphoneos/CongcongTV.build/DerivedSources-normal/arm64 -Xcc -I/Users/runner/work/CongcongTV-iOS/CongcongTV-iOS/build/DerivedData/Build/Intermediates.noindex/CongcongTV.build/Release-iphoneos/CongcongTV.build/DerivedSources/arm64 -Xcc -I/Users/runner/work/CongcongTV-iOS/CongcongTV-iOS/build/DerivedData/Build/Intermediates.noindex/CongcongTV.build/Release-iphoneos/CongcongTV.build/DerivedSources -emit-objc-header -emit-objc-header-path /Users/runner/work/CongcongTV-iOS/CongcongTV-iOS/build/DerivedData/Build/Intermediates.noindex/CongcongTV.build/Release-iphoneos/CongcongTV.build/Objects-normal/arm64/CongcongTV-Swift.h -working-directory /Users/runner/work/CongcongTV-iOS/CongcongTV-iOS -no-emit-module-separately-wmo
2026-09-21T17:23:57.5116930Z 
2026-09-21T17:23:57.5393260Z SwiftExplicitDependencyGeneratePcm arm64 /Users/runner/work/CongcongTV-iOS/CongcongTV-iOS/build/DerivedData/ModuleCache.noindex/SwiftShims-4YULVM08XUV5NJMJJO9F7PR0H.pcm
2026-09-21T17:23:57.7382280Z 
2026-09-21T17:23:57.7483660Z SwiftExplicitDependencyGeneratePcm arm64 /Users/runner/work/CongcongTV-iOS/CongcongTV-iOS/build/DerivedData/ModuleCache.noindex/_SwiftConcurrencyShims-9O0DFKDNIVIBY3ZIUI52WS1NS.pcm
2026-09-21T17:23:57.7585330Z 
2026-09-21T17:23:57.7687620Z SwiftExplicitDependencyGeneratePcm arm64 /Users/runner/work/CongcongTV-iOS/CongcongTV-iOS/build/DerivedData/ModuleCache.noindex/DeveloperToolsSupport-34EF1EIHS0QRLZQ5H3LQINFW8.pcm
2026-09-21T17:23:57.7794920Z 
2026-09-21T17:23:57.7816960Z SwiftExplicitDependencyGeneratePcm arm64 /Users/runner/work/CongcongTV-iOS/CongcongTV-iOS/build/DerivedData/ModuleCache.noindex/_Builtin_stdarg-E1W0EL6SMGTUU7PH2S17YQ0RU.pcm
2026-09-21T17:23:57.8016570Z 
2026-09-21T17:23:57.8123820Z SwiftExplicitDependencyGeneratePcm arm64 /Users/runner/work/CongcongTV-iOS/CongcongTV-iOS/build/DerivedData/ModuleCache.noindex/ptrcheck-17DP2AQQAXS63AAGRTE71KWY2.pcm
2026-09-21T17:23:57.8226060Z 
2026-09-21T17:23:57.8329090Z SwiftExplicitDependencyGeneratePcm arm64 /Users/runner/work/CongcongTV-iOS/CongcongTV-iOS/build/DerivedData/ModuleCache.noindex/ptrauth-21LUWZX3J16D43ANDDT6D7AJ.pcm
2026-09-21T17:23:57.8839340Z 
2026-09-21T17:23:57.8840480Z SwiftExplicitDependencyGeneratePcm arm64 /Users/runner/work/CongcongTV-iOS/CongcongTV-iOS/build/DerivedData/ModuleCache.noindex/_AvailabilityInternal-AULVFESZH3EDCEGLTQZ3B5UIO.pcm
2026-09-21T17:23:57.9667080Z 
2026-09-21T17:23:57.9668050Z SwiftExplicitDependencyGeneratePcm arm64 /Users/runner/work/CongcongTV-iOS/CongcongTV-iOS/build/DerivedData/ModuleCache.noindex/_Builtin_stddef-2YWOWIVJD7085IM5EYJUL0K11.pcm
2026-09-21T17:23:57.9668900Z 
2026-09-21T17:23:57.9669640Z SwiftExplicitDependencyGeneratePcm arm64 /Users/runner/work/CongcongTV-iOS/CongcongTV-iOS/build/DerivedData/ModuleCache.noindex/_Builtin_stdbool-7JAOIJ3M1XQ7AHYHRRA3BJXAL.pcm
2026-09-21T17:23:57.9724440Z 
2026-09-21T17:23:57.9725240Z SwiftExplicitDependencyGeneratePcm arm64 /Users/runner/work/CongcongTV-iOS/CongcongTV-iOS/build/DerivedData/ModuleCache.noindex/_Builtin_float-6FGWTHBJ3LBO26CHMF18XG2KQ.pcm
2026-09-21T17:23:57.9754670Z 
2026-09-21T17:23:57.9763920Z SwiftExplicitDependencyGeneratePcm arm64 /Users/runner/work/CongcongTV-iOS/CongcongTV-iOS/build/DerivedData/ModuleCache.noindex/_DarwinFoundation1-4DEXHTUU22UHV8GLRN6K0Z0S.pcm
2026-09-21T17:23:58.0344610Z 
2026-09-21T17:23:58.0352850Z SwiftExplicitDependencyGeneratePcm arm64 /Users/runner/work/CongcongTV-iOS/CongcongTV-iOS/build/DerivedData/ModuleCache.noindex/_DarwinFoundation2-41L7M7OP2KYI6FNVZU05R7YDI.pcm
2026-09-21T17:23:58.1770780Z 
2026-09-21T17:23:58.1775700Z SwiftExplicitDependencyGeneratePcm arm64 /Users/runner/work/CongcongTV-iOS/CongcongTV-iOS/build/DerivedData/ModuleCache.noindex/_Builtin_limits-DMIC1H992PREM8YQYJS1GLPRG.pcm
2026-09-21T17:23:58.1776670Z 
2026-09-21T17:23:58.1777420Z SwiftExplicitDependencyGeneratePcm arm64 /Users/runner/work/CongcongTV-iOS/CongcongTV-iOS/build/DerivedData/ModuleCache.noindex/sys_types-19D42A45ZQREHBNVC3LIM5JIX.pcm
2026-09-21T17:23:58.2289980Z 
2026-09-21T17:23:58.2291700Z SwiftExplicitDependencyGeneratePcm arm64 /Users/runner/work/CongcongTV-iOS/CongcongTV-iOS/build/DerivedData/ModuleCache.noindex/_Builtin_tgmath-A0JJ0ZRXRAOW9VAMRAU5GOSJX.pcm
2026-09-21T17:23:58.2292480Z 
2026-09-21T17:23:58.2293100Z SwiftExplicitDependencyGeneratePcm arm64 /Users/runner/work/CongcongTV-iOS/CongcongTV-iOS/build/DerivedData/ModuleCache.noindex/_Builtin_stdint-CS4ZZ1KHRNIMLEJS3D329GBBZ.pcm
2026-09-21T17:23:58.2419790Z 
2026-09-21T17:23:58.2424010Z SwiftExplicitDependencyGeneratePcm arm64 /Users/runner/work/CongcongTV-iOS/CongcongTV-iOS/build/DerivedData/ModuleCache.noindex/_DarwinFoundation3-2KG7X0HCPHI7D47ICSSRKN35E.pcm
2026-09-21T17:23:58.3619220Z 
2026-09-21T17:23:58.3741520Z SwiftExplicitDependencyGeneratePcm arm64 /Users/runner/work/CongcongTV-iOS/CongcongTV-iOS/build/DerivedData/ModuleCache.noindex/_Builtin_stdatomic-9RSUKL80X9DB2W7BNPDYCKXLZ.pcm
2026-09-21T17:23:58.3846170Z 
2026-09-21T17:23:58.3956860Z SwiftExplicitDependencyGeneratePcm arm64 /Users/runner/work/CongcongTV-iOS/CongcongTV-iOS/build/DerivedData/ModuleCache.noindex/_Builtin_intrinsics-1KB49QG12ISAM0SCBXPFREK0F.pcm
2026-09-21T17:23:58.4906750Z 
2026-09-21T17:23:58.4921980Z SwiftExplicitDependencyGeneratePcm arm64 /Users/runner/work/CongcongTV-iOS/CongcongTV-iOS/build/DerivedData/ModuleCache.noindex/_Builtin_inttypes-4XLJISUN341FUY7Y85H5BSUAL.pcm
2026-09-21T17:23:58.4932190Z 
2026-09-21T17:23:58.4961430Z SwiftExplicitDependencyGeneratePcm arm64 /Users/runner/work/CongcongTV-iOS/CongcongTV-iOS/build/DerivedData/ModuleCache.noindex/Darwin-R8EI727I6KOT34NNP50Y9J8H.pcm
2026-09-21T17:23:58.8115040Z 
2026-09-21T17:23:58.8261260Z SwiftExplicitDependencyGeneratePcm arm64 /Users/runner/work/CongcongTV-iOS/CongcongTV-iOS/build/DerivedData/ModuleCache.noindex/simd-EU37VCOQ5NQSBZDVYOFR96G9U.pcm
2026-09-21T17:23:59.0079110Z 
2026-09-21T17:23:59.0180690Z SwiftExplicitDependencyGeneratePcm arm64 /Users/runner/work/CongcongTV-iOS/CongcongTV-iOS/build/DerivedData/ModuleCache.noindex/ObjectiveC-EMPWMGPH5JSM0IL6Q1AOR6I1J.pcm
2026-09-21T17:23:59.0280540Z 
2026-09-21T17:23:59.0382180Z SwiftExplicitDependencyGeneratePcm arm64 /Users/runner/work/CongcongTV-iOS/CongcongTV-iOS/build/DerivedData/ModuleCache.noindex/MachO-CITQXGZF4PVKU2XQ0HZL8KZ4Z.pcm
2026-09-21T17:23:59.0483900Z 
2026-09-21T17:23:59.0585340Z SwiftExplicitDependencyGeneratePcm arm64 /Users/runner/work/CongcongTV-iOS/CongcongTV-iOS/build/DerivedData/ModuleCache.noindex/os_object-1KERXSFH0287XQPMYVHW9UOFE.pcm
2026-09-21T17:23:59.0708260Z 
2026-09-21T17:23:59.0809700Z SwiftExplicitDependencyGeneratePcm arm64 /Users/runner/work/CongcongTV-iOS/CongcongTV-iOS/build/DerivedData/ModuleCache.noindex/Spatial-CS9WPBV9XTE202X6AW8DJOIB2.pcm
2026-09-21T17:23:59.3602170Z 
2026-09-21T17:23:59.3737740Z SwiftExplicitDependencyGeneratePcm arm64 /Users/runner/work/CongcongTV-iOS/CongcongTV-iOS/build/DerivedData/ModuleCache.noindex/os_workgroup-6N13U01CQZDXQTTP05G5KNMXS.pcm
2026-09-21T17:23:59.3841200Z 
2026-09-21T17:23:59.3943760Z SwiftExplicitDependencyGeneratePcm arm64 /Users/runner/work/CongcongTV-iOS/CongcongTV-iOS/build/DerivedData/ModuleCache.noindex/Dispatch-DVHY56KX9FRP7T5HZJWRHHNU5.pcm
2026-09-21T17:23:59.4045370Z 
2026-09-21T17:23:59.4147040Z SwiftExplicitDependencyGeneratePcm arm64 /Users/runner/work/CongcongTV-iOS/CongcongTV-iOS/build/DerivedData/ModuleCache.noindex/XPC-UI9RYUFZJF9XKQX6PN7A789M.pcm
2026-09-21T17:23:59.4269060Z 
2026-09-21T17:23:59.4371980Z SwiftExplicitDependencyGeneratePcm arm64 /Users/runner/work/CongcongTV-iOS/CongcongTV-iOS/build/DerivedData/ModuleCache.noindex/CoreFoundation-DMNZUWPCR2C733D8WEYMXCH3J.pcm
2026-09-21T17:23:59.4474930Z 
2026-09-21T17:23:59.4596310Z SwiftExplicitDependencyGeneratePcm arm64 /Users/runner/work/CongcongTV-iOS/CongcongTV-iOS/build/DerivedData/ModuleCache.noindex/dnssd-1QB0VZSOCTL7JZV97R2IFQIMN.pcm
2026-09-21T17:23:59.4695310Z 
2026-09-21T17:23:59.4797320Z SwiftExplicitDependencyGeneratePcm arm64 /Users/runner/work/CongcongTV-iOS/CongcongTV-iOS/build/DerivedData/ModuleCache.noindex/os-DKCCFFAI3AP5GD7A0X72DKAZH.pcm
2026-09-21T17:23:59.4899200Z 
2026-09-21T17:23:59.5000660Z SwiftExplicitDependencyGeneratePcm arm64 /Users/runner/work/CongcongTV-iOS/CongcongTV-iOS/build/DerivedData/ModuleCache.noindex/CoreGraphics-B7JLYSIARLLOUDD38DG9RXOTA.pcm
2026-09-21T17:23:59.6429740Z 
2026-09-21T17:23:59.6568340Z SwiftExplicitDependencyGeneratePcm arm64 /Users/runner/work/CongcongTV-iOS/CongcongTV-iOS/build/DerivedData/ModuleCache.noindex/CoreAudioTypes-EDU96ADDUCZP80V8VZ044FCZU.pcm
2026-09-21T17:23:59.6706030Z 
2026-09-21T17:23:59.6830940Z SwiftExplicitDependencyGeneratePcm arm64 /Users/runner/work/CongcongTV-iOS/CongcongTV-iOS/build/DerivedData/ModuleCache.noindex/Security-8IDD2GUQ6HB6N5VZLPSASXK96.pcm
2026-09-21T17:23:59.6932240Z 
2026-09-21T17:23:59.7055900Z SwiftExplicitDependencyGeneratePcm arm64 /Users/runner/work/CongcongTV-iOS/CongcongTV-iOS/build/DerivedData/ModuleCache.noindex/CFNetwork-6CBUUSF3G1GX1G8KD57TWJ5DK.pcm
2026-09-21T17:23:59.7168910Z 
2026-09-21T17:23:59.7279540Z SwiftExplicitDependencyGeneratePcm arm64 /Users/runner/work/CongcongTV-iOS/CongcongTV-iOS/build/DerivedData/ModuleCache.noindex/CoreAudio-45A53H3WIF4ZCQGECSZP60RDH.pcm
2026-09-21T17:23:59.8065550Z 
2026-09-21T17:23:59.8167000Z SwiftExplicitDependencyGeneratePcm arm64 /Users/runner/work/CongcongTV-iOS/CongcongTV-iOS/build/DerivedData/ModuleCache.noindex/Foundation-D3E3QDT0OHF1KHFU1SS1KUQJB.pcm
2026-09-21T17:24:00.1268430Z 
2026-09-21T17:24:00.1411880Z SwiftExplicitDependencyGeneratePcm arm64 /Users/runner/work/CongcongTV-iOS/CongcongTV-iOS/build/DerivedData/ModuleCache.noindex/CoreText-AJA21IC9RNWH2B38DTYCB657P.pcm
2026-09-21T17:24:00.1535980Z 
2026-09-21T17:24:00.1671130Z SwiftExplicitDependencyGeneratePcm arm64 /Users/runner/work/CongcongTV-iOS/CongcongTV-iOS/build/DerivedData/ModuleCache.noindex/ImageIO-1YUORRYPS1R7OS7XK40KTBH9U.pcm
2026-09-21T17:24:00.1777610Z 
2026-09-21T17:24:00.1909050Z SwiftExplicitDependencyGeneratePcm arm64 /Users/runner/work/CongcongTV-iOS/CongcongTV-iOS/build/DerivedData/ModuleCache.noindex/Symbols-BB4HDR6HGI0X3FG9YMVH7O7T0.pcm
2026-09-21T17:24:00.2428470Z 
2026-09-21T17:24:00.2530130Z SwiftExplicitDependencyGeneratePcm arm64 /Users/runner/work/CongcongTV-iOS/CongcongTV-iOS/build/DerivedData/ModuleCache.noindex/CoreData-853YWO36LPC7XH59XL0S3CBQH.pcm
2026-09-21T17:24:00.2631300Z 
2026-09-21T17:24:00.2733140Z SwiftExplicitDependencyGeneratePcm arm64 /Users/runner/work/CongcongTV-iOS/CongcongTV-iOS/build/DerivedData/ModuleCache.noindex/JavaScriptCore-CO45WYQ6AAYQWM6XU8QMJ4E4G.pcm
2026-09-21T17:24:00.2834560Z 
2026-09-21T17:24:00.2935820Z SwiftExplicitDependencyGeneratePcm arm64 /Users/runner/work/CongcongTV-iOS/CongcongTV-iOS/build/DerivedData/ModuleCache.noindex/IOSurface-B0MAMA42FXLB1G953B0JDUVMZ.pcm
2026-09-21T17:24:00.3691570Z 
2026-09-21T17:24:00.3796230Z SwiftExplicitDependencyGeneratePcm arm64 /Users/runner/work/CongcongTV-iOS/CongcongTV-iOS/build/DerivedData/ModuleCache.noindex/OSLog-4BW5QVFBT49XKCUACLXGG1CSN.pcm
2026-09-21T17:24:00.3914740Z 
2026-09-21T17:24:00.4016850Z SwiftExplicitDependencyGeneratePcm arm64 /Users/runner/work/CongcongTV-iOS/CongcongTV-iOS/build/DerivedData/ModuleCache.noindex/UniformTypeIdentifiers-6BV9IMF1JLT799AX8252Z4SPB.pcm
2026-09-21T17:24:00.4162560Z 
2026-09-21T17:24:00.4283230Z SwiftExplicitDependencyGeneratePcm arm64 /Users/runner/work/CongcongTV-iOS/CongcongTV-iOS/build/DerivedData/ModuleCache.noindex/CoreMIDI-898G1MSPG5PDCB0Q5LV55HO8H.pcm
2026-09-21T17:24:00.6025670Z 
2026-09-21T17:24:00.6126980Z SwiftExplicitDependencyGeneratePcm arm64 /Users/runner/work/CongcongTV-iOS/CongcongTV-iOS/build/DerivedData/ModuleCache.noindex/OpenGLES-1M1VZCWSD45SFMADDA1XQ8JCW.pcm
2026-09-21T17:24:00.6592940Z 
2026-09-21T17:24:00.6731950Z SwiftExplicitDependencyGeneratePcm arm64 /Users/runner/work/CongcongTV-iOS/CongcongTV-iOS/build/DerivedData/ModuleCache.noindex/FileProvider-3DRIVYH5G419I09479ZE4DZS3.pcm
2026-09-21T17:24:00.6831980Z 
2026-09-21T17:24:00.6941630Z SwiftExplicitDependencyGeneratePcm arm64 /Users/runner/work/CongcongTV-iOS/CongcongTV-iOS/build/DerivedData/ModuleCache.noindex/UIUtilities-UXDXAMNIT2JAX4A3HL92K1WP.pcm
2026-09-21T17:24:00.7046370Z 
2026-09-21T17:24:00.7148640Z SwiftExplicitDependencyGeneratePcm arm64 /Users/runner/work/CongcongTV-iOS/CongcongTV-iOS/build/DerivedData/ModuleCache.noindex/CoreTransferable-84DQ0SDHYNXIN5SVLHPZJHJE4.pcm
2026-09-21T17:24:00.7272470Z 
2026-09-21T17:24:00.7389380Z SwiftExplicitDependencyGeneratePcm arm64 /Users/runner/work/CongcongTV-iOS/CongcongTV-iOS/build/DerivedData/ModuleCache.noindex/DataDetection-CTTEC7DYZ7NX893XXMNQ7UH12.pcm
2026-09-21T17:24:00.7491550Z 
2026-09-21T17:24:00.7592880Z SwiftExplicitDependencyGeneratePcm arm64 /Users/runner/work/CongcongTV-iOS/CongcongTV-iOS/build/DerivedData/ModuleCache.noindex/AudioToolbox-CUAXFYJDNEAOMCXDACZVEXTBY.pcm
2026-09-21T17:24:01.1141520Z 
2026-09-21T17:24:01.1188880Z SwiftExplicitDependencyGeneratePcm arm64 /Users/runner/work/CongcongTV-iOS/CongcongTV-iOS/build/DerivedData/ModuleCache.noindex/Accessibility-6LNI9SYOW852OD62QVBGHRHEL.pcm
2026-09-21T17:24:01.1195230Z 
2026-09-21T17:24:01.1196570Z SwiftExplicitDependencyGeneratePcm arm64 /Users/runner/work/CongcongTV-iOS/CongcongTV-iOS/build/DerivedData/ModuleCache.noindex/UserNotifications-EDGLPJ2YC4SJF5NLNIWDDGLW5.pcm
2026-09-21T17:24:01.1197390Z 
2026-09-21T17:24:01.1198030Z SwiftExplicitDependencyGeneratePcm arm64 /Users/runner/work/CongcongTV-iOS/CongcongTV-iOS/build/DerivedData/ModuleCache.noindex/Network-91O656ZC0DJRJ5SRBBRJZIB5X.pcm
2026-09-21T17:24:01.1198770Z 
2026-09-21T17:24:01.1199300Z SwiftExplicitDependencyGeneratePcm arm64 /Users/runner/work/CongcongTV-iOS/CongcongTV-iOS/build/DerivedData/ModuleCache.noindex/Metal-7HJDUABIS3G3ZIZWKIF5UONWY.pcm
2026-09-21T17:24:01.1967790Z 
2026-09-21T17:24:01.1970780Z SwiftExplicitDependencyGeneratePcm arm64 /Users/runner/work/CongcongTV-iOS/CongcongTV-iOS/build/DerivedData/ModuleCache.noindex/AVRouting-9XY0UQBJCF6IQ1L4T6JM47TI8.pcm
2026-09-21T17:24:01.1974680Z 
2026-09-21T17:24:01.1975390Z SwiftExplicitDependencyGeneratePcm arm64 /Users/runner/work/CongcongTV-iOS/CongcongTV-iOS/build/DerivedData/ModuleCache.noindex/CoreVideo-61HCHRXSE2YHU019FP3JJ3UUU.pcm
2026-09-21T17:24:01.2701290Z 
2026-09-21T17:24:01.2714680Z SwiftExplicitDependencyGeneratePcm arm64 /Users/runner/work/CongcongTV-iOS/CongcongTV-iOS/build/DerivedData/ModuleCache.noindex/QuartzCore-EPP65DBGFFE7HNZXY2Q6JLYBL.pcm
2026-09-21T17:24:01.4199120Z 
2026-09-21T17:24:01.4335260Z SwiftExplicitDependencyGeneratePcm arm64 /Users/runner/work/CongcongTV-iOS/CongcongTV-iOS/build/DerivedData/ModuleCache.noindex/CoreImage-AU9QVWM1JFLNJ3YI14VLBI6I.pcm
2026-09-21T17:24:01.4475890Z 
2026-09-21T17:24:01.4579030Z SwiftExplicitDependencyGeneratePcm arm64 /Users/runner/work/CongcongTV-iOS/CongcongTV-iOS/build/DerivedData/ModuleCache.noindex/CoreMedia-41YGH5J7TTPJQT0CPWBY2N94.pcm
2026-09-21T17:24:01.4670460Z 
2026-09-21T17:24:01.4671370Z SwiftExplicitDependencyGeneratePcm arm64 /Users/runner/work/CongcongTV-iOS/CongcongTV-iOS/build/DerivedData/ModuleCache.noindex/SwiftUICore-409WUOOKMTAYQYG1JTA7JSHXH.pcm
2026-09-21T17:24:01.5027130Z 
2026-09-21T17:24:01.5156500Z SwiftExplicitDependencyGeneratePcm arm64 /Users/runner/work/CongcongTV-iOS/CongcongTV-iOS/build/DerivedData/ModuleCache.noindex/UIKit-2HN8WP0CAD6IP5AF3WULVDW21.pcm
2026-09-21T17:24:02.1272480Z 
2026-09-21T17:24:02.1274000Z SwiftExplicitDependencyGeneratePcm arm64 /Users/runner/work/CongcongTV-iOS/CongcongTV-iOS/build/DerivedData/ModuleCache.noindex/AVFAudio-BH2R87CWOJJUIXSTDXIRAN5B2.pcm
2026-09-21T17:24:02.1274790Z 
2026-09-21T17:24:02.1275450Z SwiftExplicitDependencyGeneratePcm arm64 /Users/runner/work/CongcongTV-iOS/CongcongTV-iOS/build/DerivedData/ModuleCache.noindex/MediaToolbox-89P19JAPXD981LXXTI1OBWYT4.pcm
2026-09-21T17:24:02.1276280Z 
2026-09-21T17:24:02.1277000Z SwiftExplicitDependencyGeneratePcm arm64 /Users/runner/work/CongcongTV-iOS/CongcongTV-iOS/build/DerivedData/ModuleCache.noindex/AVFoundation-CRLNJHL8WD3276SARH946XLFT.pcm
2026-09-21T17:24:02.1277650Z 
2026-09-21T17:24:02.1278310Z SwiftExplicitDependencyGeneratePcm arm64 /Users/runner/work/CongcongTV-iOS/CongcongTV-iOS/build/DerivedData/ModuleCache.noindex/SwiftUI-D0GVBFRXA8PJ6BOWOVWEAYJT3.pcm
2026-09-21T17:24:02.1948780Z 
2026-09-21T17:24:02.1993740Z SwiftExplicitDependencyGeneratePcm arm64 /Users/runner/work/CongcongTV-iOS/CongcongTV-iOS/build/DerivedData/ModuleCache.noindex/AVKit-9852UPGYMU2Z096GPGFQA7DRT.pcm
2026-09-21T17:24:02.2455710Z 
2026-09-21T17:24:02.2569180Z SwiftCompile normal arm64 Compiling\ AppConfig.swift,\ AppModel.swift,\ CategoryView.swift,\ Components.swift,\ ConfigStore.swift,\ CongcongTVApp.swift,\ DetailView.swift,\ EngineManager.swift,\ HistoryDetailView.swift,\ HomeView.swift,\ JSEnv.swift,\ LiveView.swift,\ Mapper.swift,\ ProfileView.swift,\ RootView.swift,\ SearchView.swift,\ SettingsView.swift,\ SiteCategoryView.swift,\ VOD.swift /Users/runner/work/CongcongTV-iOS/CongcongTV-iOS/CongcongTV/Models/AppConfig.swift /Users/runner/work/CongcongTV-iOS/CongcongTV-iOS/CongcongTV/AppModel.swift /Users/runner/work/CongcongTV-iOS/CongcongTV-iOS/CongcongTV/Views/CategoryView.swift /Users/runner/work/CongcongTV-iOS/CongcongTV-iOS/CongcongTV/Views/Components.swift /Users/runner/work/CongcongTV-iOS/CongcongTV-iOS/CongcongTV/Services/ConfigStore.swift /Users/runner/work/CongcongTV-iOS/CongcongTV-iOS/CongcongTV/CongcongTVApp.swift /Users/runner/work/CongcongTV-iOS/CongcongTV-iOS/CongcongTV/Views/DetailView.swift /Users/runner/work/CongcongTV-iOS/CongcongTV-iOS/CongcongTV/Services/EngineManager.swift /Users/runner/work/CongcongTV-iOS/CongcongTV-iOS/CongcongTV/Views/HistoryDetailView.swift /Users/runner/work/CongcongTV-iOS/CongcongTV-iOS/CongcongTV/Views/HomeView.swift /Users/runner/work/CongcongTV-iOS/CongcongTV-iOS/CongcongTV/Services/JSEnv.swift /Users/runner/work/CongcongTV-iOS/CongcongTV-iOS/CongcongTV/Views/LiveView.swift /Users/runner/work/CongcongTV-iOS/CongcongTV-iOS/CongcongTV/Models/Mapper.swift /Users/runner/work/CongcongTV-iOS/CongcongTV-iOS/CongcongTV/Views/ProfileView.swift /Users/runner/work/CongcongTV-iOS/CongcongTV-iOS/CongcongTV/Views/RootView.swift /Users/runner/work/CongcongTV-iOS/CongcongTV-iOS/CongcongTV/Views/SearchView.swift /Users/runner/work/CongcongTV-iOS/CongcongTV-iOS/CongcongTV/Views/SettingsView.swift /Users/runner/work/CongcongTV-iOS/CongcongTV-iOS/CongcongTV/Views/SiteCategoryView.swift /Users/runner/work/CongcongTV-iOS/CongcongTV-iOS/CongcongTV/Models/VOD.swift /Applications/Xcode_26.3.app/Contents/Developer/Toolchains/XcodeDefault.xctoolchain/usr/lib/swift/iphoneos/prebuilt-modules/26.2/CoreGraphics.swiftmodule/arm64e-apple-ios.swiftmodule /Applications/Xcode_26.3.app/Contents/Developer/Toolchains/XcodeDefault.xctoolchain/usr/lib/swift/iphoneos/prebuilt-modules/26.2/XPC.swiftmodule/arm64e-apple-ios.swiftmodule /Applications/Xcode_26.3.app/Contents/Developer/Toolchains/XcodeDefault.xctoolchain/usr/lib/swift/iphoneos/prebuilt-modules/26.2/CoreFoundation.swiftmodule/arm64e-apple-ios.swiftmodule /Applications/Xcode_26.3.app/Contents/Developer/Toolchains/XcodeDefault.xctoolchain/usr/lib/swift/iphoneos/prebuilt-modules/26.2/UIKit.swiftmodule/arm64e-apple-ios.swiftmodule /Applications/Xcode_26.3.app/Contents/Developer/Toolchains/XcodeDefault.xctoolchain/usr/lib/swift/iphoneos/prebuilt-modules/26.2/FileProvider.swiftmodule/arm64e-apple-ios.swiftmodule /Applications/Xcode_26.3.app/Contents/Developer/Toolchains/XcodeDefault.xctoolchain/usr/lib/swift/iphoneos/prebuilt-modules/26.2/CoreMedia.swiftmodule/arm64e-apple-ios.swiftmodule /Applications/Xcode_26.3.app/Contents/Developer/Toolchains/XcodeDefault.xctoolchain/usr/lib/swift/iphoneos/prebuilt-modules/26.2/Accessibility.swiftmodule/arm64e-apple-ios.swiftmodule /Applications/Xcode_26.3.app/Contents/Developer/Toolchains/XcodeDefault.xctoolchain/usr/lib/swift/iphoneos/prebuilt-modules/26.2/_DarwinFoundation3.swiftmodule/arm64e-apple-ios.swiftmodule /Applications/Xcode_26.3.app/Contents/Developer/Toolchains/XcodeDefault.xctoolchain/usr/lib/swift/iphoneos/prebuilt-modules/26.2/AVFAudio.swiftmodule/arm64e-apple-ios.swiftmodule /Applications/Xcode_26.3.app/Contents/Developer/Toolchains/XcodeDefault.xctoolchain/usr/lib/swift/iphoneos/prebuilt-modules/26.2/SwiftUICore.swiftmodule/arm64e-apple-ios.swiftmodule /Applications/Xcode_26.3.app/Contents/Developer/Toolchains/XcodeDefault.xctoolchain/usr/lib/swift/iphoneos/prebuilt-modules/26.2/SwiftUI.swiftmodule/arm64e-apple-ios.swiftmodule /Applications/Xcode_26.3.app/Contents/Developer/Toolchains/XcodeDefault.xctoolchain/usr/lib/swift/iphoneos/prebuilt-modules/26.2/AVKit.swiftmodule/arm64e-apple-ios.swiftmodule /Applications/Xcode_26.3.app/Contents/Developer/Toolchains/XcodeDefault.xctoolchain/usr/lib/swift/iphoneos/prebuilt-modules/26.2/Combine.swiftmodule/arm64e-apple-ios.swiftmodule /Applications/Xcode_26.3.app/Contents/Developer/Toolchains/XcodeDefault.xctoolchain/usr/lib/swift/iphoneos/prebuilt-modules/26.2/Dispatch.swiftmodule/arm64e-apple-ios.swiftmodule /Applications/Xcode_26.3.app/Contents/Developer/Toolchains/XcodeDefault.xctoolchain/usr/lib/swift/iphoneos/prebuilt-modules/26.2/Metal.swiftmodule/arm64e-apple-ios.swiftmodule /Applications/Xcode_26.3.app/Contents/Developer/Toolchains/XcodeDefault.xctoolchain/usr/lib/swift/iphoneos/prebuilt-modules/26.2/Swift.swiftmodule/arm64e-apple-ios.swiftmodule /Applications/Xcode_26.3.app/Contents/Developer/Toolchains/XcodeDefault.xctoolchain/usr/lib/swift/iphoneos/prebuilt-modules/26.2/_StringProcessing.swiftmodule/arm64e-apple-ios.swiftmodule /Applications/Xcode_26.3.app/Contents/Developer/Toolchains/XcodeDefault.xctoolchain/usr/lib/swift/iphoneos/prebuilt-modules/26.2/Symbols.swiftmodule/arm64e-apple-ios.swiftmodule /Applications/Xcode_26.3.app/Contents/Developer/Toolchains/XcodeDefault.xctoolchain/usr/lib/swift/iphoneos/prebuilt-modules/26.2/CoreData.swiftmodule/arm64e-apple-ios.swiftmodule /Applications/Xcode_26.3.app/Contents/Developer/Toolchains/XcodeDefault.xctoolchain/usr/lib/swift/iphoneos/prebuilt-modules/26.2/Foundation.swiftmodule/arm64e-apple-ios.swiftmodule /Applications/Xcode_26.3.app/Contents/Developer/Toolchains/XcodeDefault.xctoolchain/usr/lib/swift/iphoneos/prebuilt-modules/26.2/AVFoundation.swiftmodule/arm64e-apple-ios.swiftmodule /Applications/Xcode_26.3.app/Contents/Developer/Toolchains/XcodeDefault.xctoolchain/usr/lib/swift/iphoneos/prebuilt-modules/26.2/simd.swiftmodule/arm64e-apple-ios.swiftmodule /Applications/Xcode_26.3.app/Contents/Developer/Toolchains/XcodeDefault.xctoolchain/usr/lib/swift/iphoneos/prebuilt-modules/26.2/DeveloperToolsSupport.swiftmodule/arm64e-apple-ios.swiftmodule /Applications/Xcode_26.3.app/Contents/Developer/Toolchains/XcodeDefault.xctoolchain/usr/lib/swift/iphoneos/prebuilt-modules/26.2/AudioToolbox.swiftmodule/arm64e-apple-ios.swiftmodule /Applications/Xcode_26.3.app/Contents/Developer/Toolchains/XcodeDefault.xctoolchain/usr/lib/swift/iphoneos/prebuilt-modules/26.2/_Builtin_float.swiftmodule/arm64e-apple-ios.swiftmodule /Applications/Xcode_26.3.app/Contents/Developer/Toolchains/XcodeDefault.xctoolchain/usr/lib/swift/iphoneos/prebuilt-modules/26.2/os.swiftmodule/arm64e-apple-ios.swiftmodule /Applications/Xcode_26.3.app/Contents/Developer/Toolchains/XcodeDefault.xctoolchain/usr/lib/swift/iphoneos/prebuilt-modules/26.2/Spatial.swiftmodule/arm64e-apple-ios.swiftmodule /Applications/Xcode_26.3.app/Contents/Developer/Toolchains/XcodeDefault.xctoolchain/usr/lib/swift/iphoneos/prebuilt-modules/26.2/OSLog.swiftmodule/arm64e-apple-ios.swiftmodule /Applications/Xcode_26.3.app/Contents/Developer/Toolchains/XcodeDefault.xctoolchain/usr/lib/swift/iphoneos/prebuilt-modules/26.2/CoreAudio.swiftmodule/arm64e-apple-ios.swiftmodule /Applications/Xcode_26.3.app/Contents/Developer/Toolchains/XcodeDefault.xctoolchain/usr/lib/swift/iphoneos/prebuilt-modules/26.2/ObjectiveC.swiftmodule/arm64e-apple-ios.swiftmodule /Applications/Xcode_26.3.app/Contents/Developer/Toolchains/XcodeDefault.xctoolchain/usr/lib/swift/iphoneos/prebuilt-modules/26.2/TipKit.swiftmodule/arm64e-apple-ios.swiftmodule /Applications/Xcode_26.3.app/Contents/Developer/Toolchains/XcodeDefault.xctoolchain/usr/lib/swift/iphoneos/prebuilt-modules/26.2/UniformTypeIdentifiers.swiftmodule/arm64e-apple-ios.swiftmodule /Applications/Xcode_26.3.app/Contents/Developer/Toolchains/XcodeDefault.xctoolchain/usr/lib/swift/iphoneos/prebuilt-modules/26.2/_Concurrency.swiftmodule/arm64e-apple-ios.swiftmodule /Applications/Xcode_26.3.app/Contents/Developer/Toolchains/XcodeDefault.xctoolchain/usr/lib/swift/iphoneos/prebuilt-modules/26.2/Synchronization.swiftmodule/arm64e-apple-ios.swiftmodule /Applications/Xcode_26.3.app/Contents/Developer/Toolchains/XcodeDefault.xctoolchain/usr/lib/swift/iphoneos/prebuilt-modules/26.2/_AVKit_SwiftUI.swiftmodule/arm64e-apple-ios.swiftmodule /Applications/Xcode_26.3.app/Contents/Developer/Toolchains/XcodeDefault.xctoolchain/usr/lib/swift/iphoneos/prebuilt-modules/26.2/_DarwinFoundation2.swiftmodule/arm64e-apple-ios.swiftmodule /Applications/Xcode_26.3.app/Contents/Developer/Toolchains/XcodeDefault.xctoolchain/usr/lib/swift/iphoneos/prebuilt-modules/26.2/Darwin.swiftmodule/arm64e-apple-ios.swiftmodule /Applications/Xcode_26.3.app/Contents/Developer/Toolchains/XcodeDefault.xctoolchain/usr/lib/swift/iphoneos/prebuilt-modules/26.2/_DarwinFoundation1.swiftmodule/arm64e-apple-ios.swiftmodule /Applications/Xcode_26.3.app/Contents/Developer/Toolchains/XcodeDefault.xctoolchain/usr/lib/swift/iphoneos/prebuilt-modules/26.2/System.swiftmodule/arm64e-apple-ios.swiftmodule /Applications/Xcode_26.3.app/Contents/Developer/Toolchains/XcodeDefault.xctoolchain/usr/lib/swift/iphoneos/prebuilt-modules/26.2/CoreImage.swiftmodule/arm64e-apple-ios.swiftmodule /Applications/Xcode_26.3.app/Contents/Developer/Toolchains/XcodeDefault.xctoolchain/usr/lib/swift/iphoneos/prebuilt-modules/26.2/Observation.swiftmodule/arm64e-apple-ios.swiftmodule /Applications/Xcode_26.3.app/Contents/Developer/Toolchains/XcodeDefault.xctoolchain/usr/lib/swift/iphoneos/prebuilt-modules/26.2/CoreText.swiftmodule/arm64e-apple-ios.swiftmodule /Applications/Xcode_26.3.app/Contents/Developer/Toolchains/XcodeDefault.xctoolchain/usr/lib/swift/iphoneos/prebuilt-modules/26.2/CoreTransferable.swiftmodule/arm64e-apple-ios.swiftmodule /Applications/Xcode_26.3.app/Contents/Developer/Toolchains/XcodeDefault.xctoolchain/usr/lib/swift/iphoneos/prebuilt-modules/26.2/Network.swiftmodule/arm64e-apple-ios.swiftmodule /Applications/Xcode_26.3.app/Contents/Developer/Toolchains/XcodeDefault.xctoolchain/usr/lib/swift/iphoneos/prebuilt-modules/26.2/QuartzCore.swiftmodule/arm64e-apple-ios.swiftmodule /Applications/Xcode_26.3.app/Contents/Developer/Toolchains/XcodeDefault.xctoolchain/usr/lib/swift/iphoneos/prebuilt-modules/26.2/Distributed.swiftmodule/arm64e-apple-ios.swiftmodule /Applications/Xcode_26.3.app/Contents/Developer/Toolchains/XcodeDefault.xctoolchain/usr/lib/swift/iphoneos/prebuilt-modules/26.2/DataDetection.swiftmodule/arm64e-apple-ios.swiftmodule /Applications/Xcode_26.3.app/Contents/Developer/Toolchains/XcodeDefault.xctoolchain/usr/lib/swift/iphoneos/prebuilt-modules/26.2/CoreVideo.swiftmodule/arm64e-apple-ios.swiftmodule /Applications/Xcode_26.3.app/Contents/Developer/Toolchains/XcodeDefault.xctoolchain/usr/lib/swift/iphoneos/prebuilt-modules/26.2/CoreMIDI.swiftmodule/arm64e-apple-ios.swiftmodule /Users/runner/work/CongcongTV-iOS/CongcongTV-iOS/build/DerivedData/ModuleCache.noindex/os_workgroup-6N13U01CQZDXQTTP05G5KNMXS.pcm /Users/runner/work/CongcongTV-iOS/CongcongTV-iOS/build/DerivedData/ModuleCache.noindex/AVFoundation-CRLNJHL8WD3276SARH946XLFT.pcm /Users/runner/work/CongcongTV-iOS/CongcongTV-iOS/build/DerivedData/ModuleCache.noindex/UserNotifications-EDGLPJ2YC4SJF5NLNIWDDGLW5.pcm /Users/runner/work/CongcongTV-iOS/CongcongTV-iOS/build/DerivedData/ModuleCache.noindex/UniformTypeIdentifiers-6BV9IMF1JLT799AX8252Z4SPB.pcm /Users/runner/work/CongcongTV-iOS/CongcongTV-iOS/build/DerivedData/ModuleCache.noindex/DeveloperToolsSupport-34EF1EIHS0QRLZQ5H3LQINFW8.pcm /Users/runner/work/CongcongTV-iOS/CongcongTV-iOS/build/DerivedData/ModuleCache.noindex/_DarwinFoundation2-41L7M7OP2KYI6FNVZU05R7YDI.pcm /Users/runner/work/CongcongTV-iOS/CongcongTV-iOS/build/DerivedData/ModuleCache.noindex/SwiftShims-4YULVM08XUV5NJMJJO9F7PR0H.pcm /Users/runner/work/CongcongTV-iOS/CongcongTV-iOS/build/DerivedData/ModuleCache.noindex/Foundation-D3E3QDT0OHF1KHFU1SS1KUQJB.pcm /Users/runner/work/CongcongTV-iOS/CongcongTV-iOS/build/DerivedData/ModuleCache.noindex/MediaToolbox-89P19JAPXD981LXXTI1OBWYT4.pcm /Users/runner/work/CongcongTV-iOS/CongcongTV-iOS/build/DerivedData/ModuleCache.noindex/Symbols-BB4HDR6HGI0X3FG9YMVH7O7T0.pcm /Users/runner/work/CongcongTV-iOS/CongcongTV-iOS/build/DerivedData/ModuleCache.noindex/_DarwinFoundation3-2KG7X0HCPHI7D47ICSSRKN35E.pcm /Users/runner/work/CongcongTV-iOS/CongcongTV-iOS/build/DerivedData/ModuleCache.noindex/CoreVideo-61HCHRXSE2YHU019FP3JJ3UUU.pcm /Users/runner/work/CongcongTV-iOS/CongcongTV-iOS/build/DerivedData/ModuleCache.noindex/Network-91O656ZC0DJRJ5SRBBRJZIB5X.pcm /Users/runner/work/CongcongTV-iOS/CongcongTV-iOS/build/DerivedData/ModuleCache.noindex/AVRouting-9XY0UQBJCF6IQ1L4T6JM47TI8.pcm /Users/runner/work/CongcongTV-iOS/CongcongTV-iOS/build/DerivedData/ModuleCache.noindex/_Builtin_float-6FGWTHBJ3LBO26CHMF18XG2KQ.pcm /Users/runner/work/CongcongTV-iOS/CongcongTV-iOS/build/DerivedData/ModuleCache.noindex/_SwiftConcurrencyShims-9O0DFKDNIVIBY3ZIUI52WS1NS.pcm /Users/runner/work/CongcongTV-iOS/CongcongTV-iOS/build/DerivedData/ModuleCache.noindex/JavaScriptCore-CO45WYQ6AAYQWM6XU8QMJ4E4G.pcm /Users/runner/work/CongcongTV-iOS/CongcongTV-iOS/build/DerivedData/ModuleCache.noindex/sys_types-19D42A45ZQREHBNVC3LIM5JIX.pcm /Users/runner/work/CongcongTV-iOS/CongcongTV-iOS/build/DerivedData/ModuleCache.noindex/_Builtin_stdint-CS4ZZ1KHRNIMLEJS3D329GBBZ.pcm /Users/runner/work/CongcongTV-iOS/CongcongTV-iOS/build/DerivedData/ModuleCache.noindex/CoreData-853YWO36LPC7XH59XL0S3CBQH.pcm /Users/runner/work/CongcongTV-iOS/CongcongTV-iOS/build/DerivedData/ModuleCache.noindex/_Builtin_inttypes-4XLJISUN341FUY7Y85H5BSUAL.pcm /Users/runner/work/CongcongTV-iOS/CongcongTV-iOS/build/DerivedData/ModuleCache.noindex/UIKit-2HN8WP0CAD6IP5AF3WULVDW21.pcm /Users/runner/work/CongcongTV-iOS/CongcongTV-iOS/build/DerivedData/ModuleCache.noindex/ptrauth-21LUWZX3J16D43ANDDT6D7AJ.pcm /Users/runner/work/CongcongTV-iOS/CongcongTV-iOS/build/DerivedData/ModuleCache.noindex/Spatial-CS9WPBV9XTE202X6AW8DJOIB2.pcm /Users/runner/work/CongcongTV-iOS/CongcongTV-iOS/build/DerivedData/ModuleCache.noindex/dnssd-1QB0VZSOCTL7JZV97R2IFQIMN.pcm /Users/runner/work/CongcongTV-iOS/CongcongTV-iOS/build/DerivedData/ModuleCache.noindex/simd-EU37VCOQ5NQSBZDVYOFR96G9U.pcm /Users/runner/work/CongcongTV-iOS/CongcongTV-iOS/build/DerivedData/ModuleCache.noindex/CoreAudio-45A53H3WIF4ZCQGECSZP60RDH.pcm /Users/runner/work/CongcongTV-iOS/CongcongTV-iOS/build/DerivedData/ModuleCache.noindex/_Builtin_stdatomic-9RSUKL80X9DB2W7BNPDYCKXLZ.pcm /Users/runner/work/CongcongTV-iOS/CongcongTV-iOS/build/DerivedData/ModuleCache.noindex/os-DKCCFFAI3AP5GD7A0X72DKAZH.pcm /Users/runner/work/CongcongTV-iOS/CongcongTV-iOS/build/DerivedData/ModuleCache.noindex/_DarwinFoundation1-4DEXHTUU22UHV8GLRN6K0Z0S.pcm /Users/runner/work/CongcongTV-iOS/CongcongTV-iOS/build/DerivedData/ModuleCache.noindex/Darwin-R8EI727I6KOT34NNP50Y9J8H.pcm /Users/runner/work/CongcongTV-iOS/CongcongTV-iOS/build/DerivedData/ModuleCache.noindex/OpenGLES-1M1VZCWSD45SFMADDA1XQ8JCW.pcm /Users/runner/work/CongcongTV-iOS/CongcongTV-iOS/build/DerivedData/ModuleCache.noindex/DataDetection-CTTEC7DYZ7NX893XXMNQ7UH12.pcm /Users/runner/work/CongcongTV-iOS/CongcongTV-iOS/build/DerivedData/ModuleCache.noindex/UIUtilities-UXDXAMNIT2JAX4A3HL92K1WP.pcm /Users/runner/work/CongcongTV-iOS/CongcongTV-iOS/build/DerivedData/ModuleCache.noindex/CoreGraphics-B7JLYSIARLLOUDD38DG9RXOTA.pcm /Users/runner/work/CongcongTV-iOS/CongcongTV-iOS/build/DerivedData/ModuleCache.noindex/_Builtin_stddef-2YWOWIVJD7085IM5EYJUL0K11.pcm /Users/runner/work/CongcongTV-iOS/CongcongTV-iOS/build/DerivedData/ModuleCache.noindex/Accessibility-6LNI9SYOW852OD62QVBGHRHEL.pcm /Users/runner/work/CongcongTV-iOS/CongcongTV-iOS/build/DerivedData/ModuleCache.noindex/QuartzCore-EPP65DBGFFE7HNZXY2Q6JLYBL.pcm /Users/runner/work/CongcongTV-iOS/CongcongTV-iOS/build/DerivedData/ModuleCache.noindex/CoreText-AJA21IC9RNWH2B38DTYCB657P.pcm /Users/runner/work/CongcongTV-iOS/CongcongTV-iOS/build/DerivedData/ModuleCache.noindex/XPC-UI9RYUFZJF9XKQX6PN7A789M.pcm /Users/runner/work/CongcongTV-iOS/CongcongTV-iOS/build/DerivedData/ModuleCache.noindex/IOSurface-B0MAMA42FXLB1G953B0JDUVMZ.pcm /Users/runner/work/CongcongTV-iOS/CongcongTV-iOS/build/DerivedData/ModuleCache.noindex/_AvailabilityInternal-AULVFESZH3EDCEGLTQZ3B5UIO.pcm /Users/runner/work/CongcongTV-iOS/CongcongTV-iOS/build/DerivedData/ModuleCache.noindex/SwiftUICore-409WUOOKMTAYQYG1JTA7JSHXH.pcm /Users/runner/work/CongcongTV-iOS/CongcongTV-iOS/build/DerivedData/ModuleCache.noindex/MachO-CITQXGZF4PVKU2XQ0HZL8KZ4Z.pcm /Users/runner/work/CongcongTV-iOS/CongcongTV-iOS/build/DerivedData/ModuleCache.noindex/Security-8IDD2GUQ6HB6N5VZLPSASXK96.pcm /Users/runner/work/CongcongTV-iOS/CongcongTV-iOS/build/DerivedData/ModuleCache.noindex/FileProvider-3DRIVYH5G419I09479ZE4DZS3.pcm /Users/runner/work/CongcongTV-iOS/CongcongTV-iOS/build/DerivedData/ModuleCache.noindex/AVKit-9852UPGYMU2Z096GPGFQA7DRT.pcm /Users/runner/work/CongcongTV-iOS/CongcongTV-iOS/build/DerivedData/ModuleCache.noindex/ObjectiveC-EMPWMGPH5JSM0IL6Q1AOR6I1J.pcm /Users/runner/work/CongcongTV-iOS/CongcongTV-iOS/build/DerivedData/ModuleCache.noindex/OSLog-4BW5QVFBT49XKCUACLXGG1CSN.pcm /Users/runner/work/CongcongTV-iOS/CongcongTV-iOS/build/DerivedData/ModuleCache.noindex/CoreFoundation-DMNZUWPCR2C733D8WEYMXCH3J.pcm /Users/runner/work/CongcongTV-iOS/CongcongTV-iOS/build/DerivedData/ModuleCache.noindex/_Builtin_stdarg-E1W0EL6SMGTUU7PH2S17YQ0RU.pcm /Users/runner/work/CongcongTV-iOS/CongcongTV-iOS/build/DerivedData/ModuleCache.noindex/_Builtin_limits-DMIC1H992PREM8YQYJS1GLPRG.pcm /Users/runner/work/CongcongTV-iOS/CongcongTV-iOS/build/DerivedData/ModuleCache.noindex/CoreTransferable-84DQ0SDHYNXIN5SVLHPZJHJE4.pcm /Users/runner/work/CongcongTV-iOS/CongcongTV-iOS/build/DerivedData/ModuleCache.noindex/Dispatch-DVHY56KX9FRP7T5HZJWRHHNU5.pcm /Users/runner/work/CongcongTV-iOS/CongcongTV-iOS/build/DerivedData/ModuleCache.noindex/os_object-1KERXSFH0287XQPMYVHW9UOFE.pcm /Users/runner/work/CongcongTV-iOS/CongcongTV-iOS/build/DerivedData/ModuleCache.noindex/CoreAudioTypes-EDU96ADDUCZP80V8VZ044FCZU.pcm /Users/runner/work/CongcongTV-iOS/CongcongTV-iOS/build/DerivedData/ModuleCache.noindex/_Builtin_tgmath-A0JJ0ZRXRAOW9VAMRAU5GOSJX.pcm /Users/runner/work/CongcongTV-iOS/CongcongTV-iOS/build/DerivedData/ModuleCache.noindex/_Builtin_intrinsics-1KB49QG12ISAM0SCBXPFREK0F.pcm /Users/runner/work/CongcongTV-iOS/CongcongTV-iOS/build/DerivedData/ModuleCache.noindex/CoreImage-AU9QVWM1JFLNJ3YI14VLBI6I.pcm /Users/runner/work/CongcongTV-iOS/CongcongTV-iOS/build/DerivedData/ModuleCache.noindex/CoreMIDI-898G1MSPG5PDCB0Q5LV55HO8H.pcm /Users/runner/work/CongcongTV-iOS/CongcongTV-iOS/build/DerivedData/ModuleCache.noindex/ImageIO-1YUORRYPS1R7OS7XK40KTBH9U.pcm /Users/runner/work/CongcongTV-iOS/CongcongTV-iOS/build/DerivedData/ModuleCache.noindex/ptrcheck-17DP2AQQAXS63AAGRTE71KWY2.pcm /Users/runner/work/CongcongTV-iOS/CongcongTV-iOS/build/DerivedData/ModuleCache.noindex/CFNetwork-6CBUUSF3G1GX1G8KD57TWJ5DK.pcm /Users/runner/work/CongcongTV-iOS/CongcongTV-iOS/build/DerivedData/ModuleCache.noindex/AVFAudio-BH2R87CWOJJUIXSTDXIRAN5B2.pcm /Users/runner/work/CongcongTV-iOS/CongcongTV-iOS/build/DerivedData/ModuleCache.noindex/Metal-7HJDUABIS3G3ZIZWKIF5UONWY.pcm /Users/runner/work/CongcongTV-iOS/CongcongTV-iOS/build/DerivedData/ModuleCache.noindex/CoreMedia-41YGH5J7TTPJQT0CPWBY2N94.pcm /Users/runner/work/CongcongTV-iOS/CongcongTV-iOS/build/DerivedData/ModuleCache.noindex/_Builtin_stdbool-7JAOIJ3M1XQ7AHYHRRA3BJXAL.pcm /Users/runner/work/CongcongTV-iOS/CongcongTV-iOS/build/DerivedData/ModuleCache.noindex/SwiftUI-D0GVBFRXA8PJ6BOWOVWEAYJT3.pcm /Users/runner/work/CongcongTV-iOS/CongcongTV-iOS/build/DerivedData/ModuleCache.noindex/AudioToolbox-CUAXFYJDNEAOMCXDACZVEXTBY.pcm /Users/runner/work/CongcongTV-iOS/CongcongTV-iOS/build/DerivedData/Build/Intermediates.noindex/CongcongTV.build/Release-iphoneos/CongcongTV.build/Objects-normal/arm64/CongcongTV-dependencies-1.json (in target 'CongcongTV' from project 'CongcongTV')
2026-09-21T17:24:02.2850920Z 
2026-09-21T17:24:02.2851880Z CompileSwift normal arm64 (in target 'CongcongTV' from project 'CongcongTV')
2026-09-21T17:24:02.2852480Z     cd /Users/runner/work/CongcongTV-iOS/CongcongTV-iOS
2026-09-21T17:24:02.2853010Z     
2026-09-21T17:24:03.6895570Z /Users/runner/work/CongcongTV-iOS/CongcongTV-iOS/CongcongTV/Views/DetailView.swift:109:10: warning: 'onChange(of:perform:)' was deprecated in iOS 17.0: Use `onChange` with a two or zero parameter action closure instead.
2026-09-21T17:24:03.7005020Z         .onChange(of: playing) { newValue in
2026-09-21T17:24:03.7134590Z ** BUILD FAILED **
2026-09-21T17:24:03.7135150Z          ^
2026-09-21T17:24:03.7144020Z 
2026-09-21T17:24:03.7157350Z 
2026-09-21T17:24:03.7158080Z /Users/runner/work/CongcongTV-iOS/CongcongTV-iOS/CongcongTV/Services/JSEnv.swift:193:88: error: extra argument 'withArguments' in call
2026-09-21T17:24:03.7159900Z         ctx.evaluateScript("globalThis.CongcongTV.init(arguments[0]);", withArguments: [text])
2026-09-21T17:24:03.7163570Z The following build commands failed:
2026-09-21T17:24:03.7165710Z                           ~~~~~~~~~~~~~~~~~~~~~~~~~~~~~~~~~~~~~~~~~~~~~~~~~~~~~~~~~~~~~^~~~~~~
2026-09-21T17:24:03.7279020Z 	CompileSwift normal arm64 (in target 'CongcongTV' from project 'CongcongTV')
2026-09-21T17:24:03.7279900Z /Users/runner/work/CongcongTV-iOS/CongcongTV-iOS/CongcongTV/Services/JSEnv.swift:212:62: error: extra argument 'withArguments' in call
2026-09-21T17:24:03.7281070Z             if let v = ctx.evaluateScript(js, withArguments: [str]).toObject() {
2026-09-21T17:24:03.7352510Z 	SwiftCompile normal arm64 Compiling\ AppConfig.swift,\ AppModel.swift,\ CategoryView.swift,\ Components.swift,\ ConfigStore.swift,\ CongcongTVApp.swift,\ DetailView.swift,\ EngineManager.swift,\ HistoryDetailView.swift,\ HomeView.swift,\ JSEnv.swift,\ LiveView.swift,\ Mapper.swift,\ ProfileView.swift,\ RootView.swift,\ SearchView.swift,\ SettingsView.swift,\ SiteCategoryView.swift,\ VOD.swift /Users/runner/work/CongcongTV-iOS/CongcongTV-iOS/CongcongTV/Models/AppConfig.swift /Users/runner/work/CongcongTV-iOS/CongcongTV-iOS/CongcongTV/AppModel.swift /Users/runner/work/CongcongTV-iOS/CongcongTV-iOS/CongcongTV/Views/CategoryView.swift /Users/runner/work/CongcongTV-iOS/CongcongTV-iOS/CongcongTV/Views/Components.swift /Users/runner/work/CongcongTV-iOS/CongcongTV-iOS/CongcongTV/Services/ConfigStore.swift /Users/runner/work/CongcongTV-iOS/CongcongTV-iOS/CongcongTV/CongcongTVApp.swift /Users/runner/work/CongcongTV-iOS/CongcongTV-iOS/CongcongTV/Views/DetailView.swift /Users/runner/work/CongcongTV-iOS/CongcongTV-iOS/CongcongTV/Services/EngineManager.swift /Users/runner/work/CongcongTV-iOS/CongcongTV-iOS/CongcongTV/Views/HistoryDetailView.swift /Users/runner/work/CongcongTV-iOS/CongcongTV-iOS/CongcongTV/Views/HomeView.swift /Users/runner/work/CongcongTV-iOS/CongcongTV-iOS/CongcongTV/Services/JSEnv.swift /Users/runner/work/CongcongTV-iOS/CongcongTV-iOS/CongcongTV/Views/LiveView.swift /Users/runner/work/CongcongTV-iOS/CongcongTV-iOS/CongcongTV/Models/Mapper.swift /Users/runner/work/CongcongTV-iOS/CongcongTV-iOS/CongcongTV/Views/ProfileView.swift /Users/runner/work/CongcongTV-iOS/CongcongTV-iOS/CongcongTV/Views/RootView.swift /Users/runner/work/CongcongTV-iOS/CongcongTV-iOS/CongcongTV/Views/SearchView.swift /Users/runner/work/CongcongTV-iOS/CongcongTV-iOS/CongcongTV/Views/SettingsView.swift /Users/runner/work/CongcongTV-iOS/CongcongTV-iOS/CongcongTV/Views/SiteCategoryView.swift /Users/runner/work/CongcongTV-iOS/CongcongTV-iOS/CongcongTV/Models/VOD.swift /Applications/Xcode_26.3.app/Contents/Developer/Toolchains/XcodeDefault.xctoolchain/usr/lib/swift/iphoneos/prebuilt-modules/26.2/CoreGraphics.swiftmodule/arm64e-apple-ios.swiftmodule /Applications/Xcode_26.3.app/Contents/Developer/Toolchains/XcodeDefault.xctoolchain/usr/lib/swift/iphoneos/prebuilt-modules/26.2/XPC.swiftmodule/arm64e-apple-ios.swiftmodule /Applications/Xcode_26.3.app/Contents/Developer/Toolchains/XcodeDefault.xctoolchain/usr/lib/swift/iphoneos/prebuilt-modules/26.2/CoreFoundation.swiftmodule/arm64e-apple-ios.swiftmodule /Applications/Xcode_26.3.app/Contents/Developer/Toolchains/XcodeDefault.xctoolchain/usr/lib/swift/iphoneos/prebuilt-modules/26.2/UIKit.swiftmodule/arm64e-apple-ios.swiftmodule /Applications/Xcode_26.3.app/Contents/Developer/Toolchains/XcodeDefault.xctoolchain/usr/lib/swift/iphoneos/prebuilt-modules/26.2/FileProvider.swiftmodule/arm64e-apple-ios.swiftmodule /Applications/Xcode_26.3.app/Contents/Developer/Toolchains/XcodeDefault.xctoolchain/usr/lib/swift/iphoneos/prebuilt-modules/26.2/CoreMedia.swiftmodule/arm64e-apple-ios.swiftmodule /Applications/Xcode_26.3.app/Contents/Developer/Toolchains/XcodeDefault.xctoolchain/usr/lib/swift/iphoneos/prebuilt-modules/26.2/Accessibility.swiftmodule/arm64e-apple-ios.swiftmodule /Applications/Xcode_26.3.app/Contents/Developer/Toolchains/XcodeDefault.xctoolchain/usr/lib/swift/iphoneos/prebuilt-modules/26.2/_DarwinFoundation3.swiftmodule/arm64e-apple-ios.swiftmodule /Applications/Xcode_26.3.app/Contents/Developer/Toolchains/XcodeDefault.xctoolchain/usr/lib/swift/iphoneos/prebuilt-modules/26.2/AVFAudio.swiftmodule/arm64e-apple-ios.swiftmodule /Applications/Xcode_26.3.app/Contents/Developer/Toolchains/XcodeDefault.xctoolchain/usr/lib/swift/iphoneos/prebuilt-modules/26.2/SwiftUICore.swiftmodule/arm64e-apple-ios.swiftmodule /Applications/Xcode_26.3.app/Contents/Developer/Toolchains/XcodeDefault.xctoolchain/usr/lib/swift/iphoneos/prebuilt-modules/26.2/SwiftUI.swiftmodule/arm64e-apple-ios.swiftmodule /Applications/Xcode_26.3.app/Contents/Developer/Toolchains/XcodeDefault.xctoolchain/usr/lib/swift/iphoneos/prebuilt-modules/26.2/AVKit.swiftmodule/arm64e-apple-ios.swiftmodule /Applications/Xcode_26.3.app/Contents/Developer/Toolchains/XcodeDefault.xctoolchain/usr/lib/swift/iphoneos/prebuilt-modules/26.2/Combine.swiftmodule/arm64e-apple-ios.swiftmodule /Applications/Xcode_26.3.app/Contents/Developer/Toolchains/XcodeDefault.xctoolchain/usr/lib/swift/iphoneos/prebuilt-modules/26.2/Dispatch.swiftmodule/arm64e-apple-ios.swiftmodule /Applications/Xcode_26.3.app/Contents/Developer/Toolchains/XcodeDefault.xctoolchain/usr/lib/swift/iphoneos/prebuilt-modules/26.2/Metal.swiftmodule/arm64e-apple-ios.swiftmodule /Applications/Xcode_26.3.app/Contents/Developer/Toolchains/XcodeDefault.xctoolchain/usr/lib/swift/iphoneos/prebuilt-modules/26.2/Swift.swiftmodule/arm64e-apple-ios.swiftmodule /Applications/Xcode_26.3.app/Contents/Developer/Toolchains/XcodeDefault.xctoolchain/usr/lib/swift/iphoneos/prebuilt-modules/26.2/_StringProcessing.swiftmodule/arm64e-apple-ios.swiftmodule /Applications/Xcode_26.3.app/Contents/Developer/Toolchains/XcodeDefault.xctoolchain/usr/lib/swift/iphoneos/prebuilt-modules/26.2/Symbols.swiftmodule/arm64e-apple-ios.swiftmodule /Applications/Xcode_26.3.app/Contents/Developer/Toolchains/XcodeDefault.xctoolchain/usr/lib/swift/iphoneos/prebuilt-modules/26.2/CoreData.swiftmodule/arm64e-apple-ios.swiftmodule /Applications/Xcode_26.3.app/Contents/Developer/Toolchains/XcodeDefault.xctoolchain/usr/lib/swift/iphoneos/prebuilt-modules/26.2/Foundation.swiftmodule/arm64e-apple-ios.swiftmodule /Applications/Xcode_26.3.app/Contents/Developer/Toolchains/XcodeDefault.xctoolchain/usr/lib/swift/iphoneos/prebuilt-modules/26.2/AVFoundation.swiftmodule/arm64e-apple-ios.swiftmodule /Applications/Xcode_26.3.app/Contents/Developer/Toolchains/XcodeDefault.xctoolchain/usr/lib/swift/iphoneos/prebuilt-modules/26.2/simd.swiftmodule/arm64e-apple-ios.swiftmodule /Applications/Xcode_26.3.app/Contents/Developer/Toolchains/XcodeDefault.xctoolchain/usr/lib/swift/iphoneos/prebuilt-modules/26.2/DeveloperToolsSupport.swiftmodule/arm64e-apple-ios.swiftmodule /Applications/Xcode_26.3.app/Contents/Developer/Toolchains/XcodeDefault.xctoolchain/usr/lib/swift/iphoneos/prebuilt-modules/26.2/AudioToolbox.swiftmodule/arm64e-apple-ios.swiftmodule /Applications/Xcode_26.3.app/Contents/Developer/Toolchains/XcodeDefault.xctoolchain/usr/lib/swift/iphoneos/prebuilt-modules/26.2/_Builtin_float.swiftmodule/arm64e-apple-ios.swiftmodule /Applications/Xcode_26.3.app/Contents/Developer/Toolchains/XcodeDefault.xctoolchain/usr/lib/swift/iphoneos/prebuilt-modules/26.2/os.swiftmodule/arm64e-apple-ios.swiftmodule /Applications/Xcode_26.3.app/Contents/Developer/Toolchains/XcodeDefault.xctoolchain/usr/lib/swift/iphoneos/prebuilt-modules/26.2/Spatial.swiftmodule/arm64e-apple-ios.swiftmodule /Applications/Xcode_26.3.app/Contents/Developer/Toolchains/XcodeDefault.xctoolchain/usr/lib/swift/iphoneos/prebuilt-modules/26.2/OSLog.swiftmodule/arm64e-apple-ios.swiftmodule /Applications/Xcode_26.3.app/Contents/Developer/Toolchains/XcodeDefault.xctoolchain/usr/lib/swift/iphoneos/prebuilt-modules/26.2/CoreAudio.swiftmodule/arm64e-apple-ios.swiftmodule /Applications/Xcode_26.3.app/Contents/Developer/Toolchains/XcodeDefault.xctoolchain/usr/lib/swift/iphoneos/prebuilt-modules/26.2/ObjectiveC.swiftmodule/arm64e-apple-ios.swiftmodule /Applications/Xcode_26.3.app/Contents/Developer/Toolchains/XcodeDefault.xctoolchain/usr/lib/swift/iphoneos/prebuilt-modules/26.2/TipKit.swiftmodule/arm64e-apple-ios.swiftmodule /Applications/Xcode_26.3.app/Contents/Developer/Toolchains/XcodeDefault.xctoolchain/usr/lib/swift/iphoneos/prebuilt-modules/26.2/UniformTypeIdentifiers.swiftmodule/arm64e-apple-ios.swiftmodule /Applications/Xcode_26.3.app/Contents/Developer/Toolchains/XcodeDefault.xctoolchain/usr/lib/swift/iphoneos/prebuilt-modules/26.2/_Concurrency.swiftmodule/arm64e-apple-ios.swiftmodule /Applications/Xcode_26.3.app/Contents/Developer/Toolchains/XcodeDefault.xctoolchain/usr/lib/swift/iphoneos/prebuilt-modules/26.2/Synchronization.swiftmodule/arm64e-apple-ios.swiftmodule /Applications/Xcode_26.3.app/Contents/Developer/Toolchains/XcodeDefault.xctoolchain/usr/lib/swift/iphoneos/prebuilt-modules/26.2/_AVKit_SwiftUI.swiftmodule/arm64e-apple-ios.swiftmodule /Applications/Xcode_26.3.app/Contents/Developer/Toolchains/XcodeDefault.xctoolchain/usr/lib/swift/iphoneos/prebuilt-modules/26.2/_DarwinFoundation2.swiftmodule/arm64e-apple-ios.swiftmodule /Applications/Xcode_26.3.app/Contents/Developer/Toolchains/XcodeDefault.xctoolchain/usr/lib/swift/iphoneos/prebuilt-modules/26.2/Darwin.swiftmodule/arm64e-apple-ios.swiftmodule /Applications/Xcode_26.3.app/Contents/Developer/Toolchains/XcodeDefault.xctoolchain/usr/lib/swift/iphoneos/prebuilt-modules/26.2/_DarwinFoundation1.swiftmodule/arm64e-apple-ios.swiftmodule /Applications/Xcode_26.3.app/Contents/Developer/Toolchains/XcodeDefault.xctoolchain/usr/lib/swift/iphoneos/prebuilt-modules/26.2/System.swiftmodule/arm64e-apple-ios.swiftmodule /Applications/Xcode_26.3.app/Contents/Developer/Toolchains/XcodeDefault.xctoolchain/usr/lib/swift/iphoneos/prebuilt-modules/26.2/CoreImage.swiftmodule/arm64e-apple-ios.swiftmodule /Applications/Xcode_26.3.app/Contents/Developer/Toolchains/XcodeDefault.xctoolchain/usr/lib/swift/iphoneos/prebuilt-modules/26.2/Observation.swiftmodule/arm64e-apple-ios.swiftmodule /Applications/Xcode_26.3.app/Contents/Developer/Toolchains/XcodeDefault.xctoolchain/usr/lib/swift/iphoneos/prebuilt-modules/26.2/CoreText.swiftmodule/arm64e-apple-ios.swiftmodule /Applications/Xcode_26.3.app/Contents/Developer/Toolchains/XcodeDefault.xctoolchain/usr/lib/swift/iphoneos/prebuilt-modules/26.2/CoreTransferable.swiftmodule/arm64e-apple-ios.swiftmodule /Applications/Xcode_26.3.app/Contents/Developer/Toolchains/XcodeDefault.xctoolchain/usr/lib/swift/iphoneos/prebuilt-modules/26.2/Network.swiftmodule/arm64e-apple-ios.swiftmodule /Applications/Xcode_26.3.app/Contents/Developer/Toolchains/XcodeDefault.xctoolchain/usr/lib/swift/iphoneos/prebuilt-modules/26.2/QuartzCore.swiftmodule/arm64e-apple-ios.swiftmodule /Applications/Xcode_26.3.app/Contents/Developer/Toolchains/XcodeDefault.xctoolchain/usr/lib/swift/iphoneos/prebuilt-modules/26.2/Distributed.swiftmodule/arm64e-apple-ios.swiftmodule /Applications/Xcode_26.3.app/Contents/Developer/Toolchains/XcodeDefault.xctoolchain/usr/lib/swift/iphoneos/prebuilt-modules/26.2/DataDetection.swiftmodule/arm64e-apple-ios.swiftmodule /Applications/Xcode_26.3.app/Contents/Developer/Toolchains/XcodeDefault.xctoolchain/usr/lib/swift/iphoneos/prebuilt-modules/26.2/CoreVideo.swiftmodule/arm64e-apple-ios.swiftmodule /Applications/Xcode_26.3.app/Contents/Developer/Toolchains/XcodeDefault.xctoolchain/usr/lib/swift/iphoneos/prebuilt-modules/26.2/CoreMIDI.swiftmodule/arm64e-apple-ios.swiftmodule /Users/runner/work/CongcongTV-iOS/CongcongTV-iOS/build/DerivedData/ModuleCache.noindex/os_workgroup-6N13U01CQZDXQTTP05G5KNMXS.pcm /Users/runner/work/CongcongTV-iOS/CongcongTV-iOS/build/DerivedData/ModuleCache.noindex/AVFoundation-CRLNJHL8WD3276SARH946XLFT.pcm /Users/runner/work/CongcongTV-iOS/CongcongTV-iOS/build/DerivedData/ModuleCache.noindex/UserNotifications-EDGLPJ2YC4SJF5NLNIWDDGLW5.pcm /Users/runner/work/CongcongTV-iOS/CongcongTV-iOS/build/DerivedData/ModuleCache.noindex/UniformTypeIdentifiers-6BV9IMF1JLT799AX8252Z4SPB.pcm /Users/runner/work/CongcongTV-iOS/CongcongTV-iOS/build/DerivedData/ModuleCache.noindex/DeveloperToolsSupport-34EF1EIHS0QRLZQ5H3LQINFW8.pcm /Users/runner/work/CongcongTV-iOS/CongcongTV-iOS/build/DerivedData/ModuleCache.noindex/_DarwinFoundation2-41L7M7OP2KYI6FNVZU05R7YDI.pcm /Users/runner/work/CongcongTV-iOS/CongcongTV-iOS/build/DerivedData/ModuleCache.noindex/SwiftShims-4YULVM08XUV5NJMJJO9F7PR0H.pcm /Users/runner/work/CongcongTV-iOS/CongcongTV-iOS/build/DerivedData/ModuleCache.noindex/Foundation-D3E3QDT0OHF1KHFU1SS1KUQJB.pcm /Users/runner/work/CongcongTV-iOS/CongcongTV-iOS/build/DerivedData/ModuleCache.noindex/MediaToolbox-89P19JAPXD981LXXTI1OBWYT4.pcm /Users/runner/work/CongcongTV-iOS/CongcongTV-iOS/build/DerivedData/ModuleCache.noindex/Symbols-BB4HDR6HGI0X3FG9YMVH7O7T0.pcm /Users/runner/work/CongcongTV-iOS/CongcongTV-iOS/build/DerivedData/ModuleCache.noindex/_DarwinFoundation3-2KG7X0HCPHI7D47ICSSRKN35E.pcm /Users/runner/work/CongcongTV-iOS/CongcongTV-iOS/build/DerivedData/ModuleCache.noindex/CoreVideo-61HCHRXSE2YHU019FP3JJ3UUU.pcm /Users/runner/work/CongcongTV-iOS/CongcongTV-iOS/build/DerivedData/ModuleCache.noindex/Network-91O656ZC0DJRJ5SRBBRJZIB5X.pcm /Users/runner/work/CongcongTV-iOS/CongcongTV-iOS/build/DerivedData/ModuleCache.noindex/AVRouting-9XY0UQBJCF6IQ1L4T6JM47TI8.pcm /Users/runner/work/CongcongTV-iOS/CongcongTV-iOS/build/DerivedData/ModuleCache.noindex/_Builtin_float-6FGWTHBJ3LBO26CHMF18XG2KQ.pcm /Users/runner/work/CongcongTV-iOS/CongcongTV-iOS/build/DerivedData/ModuleCache.noindex/_SwiftConcurrencyShims-9O0DFKDNIVIBY3ZIUI52WS1NS.pcm /Users/runner/work/CongcongTV-iOS/CongcongTV-iOS/build/DerivedData/ModuleCache.noindex/JavaScriptCore-CO45WYQ6AAYQWM6XU8QMJ4E4G.pcm /Users/runner/work/CongcongTV-iOS/CongcongTV-iOS/build/DerivedData/ModuleCache.noindex/sys_types-19D42A45ZQREHBNVC3LIM5JIX.pcm /Users/runner/work/CongcongTV-iOS/CongcongTV-iOS/build/DerivedData/ModuleCache.noindex/_Builtin_stdint-CS4ZZ1KHRNIMLEJS3D329GBBZ.pcm /Users/runner/work/CongcongTV-iOS/CongcongTV-iOS/build/DerivedData/ModuleCache.noindex/CoreData-853YWO36LPC7XH59XL0S3CBQH.pcm /Users/runner/work/CongcongTV-iOS/CongcongTV-iOS/build/DerivedData/ModuleCache.noindex/_Builtin_inttypes-4XLJISUN341FUY7Y85H5BSUAL.pcm /Users/runner/work/CongcongTV-iOS/CongcongTV-iOS/build/DerivedData/ModuleCache.noindex/UIKit-2HN8WP0CAD6IP5AF3WULVDW21.pcm /Users/runner/work/CongcongTV-iOS/CongcongTV-iOS/build/DerivedData/ModuleCache.noindex/ptrauth-21LUWZX3J16D43ANDDT6D7AJ.pcm /Users/runner/work/CongcongTV-iOS/CongcongTV-iOS/build/DerivedData/ModuleCache.noindex/Spatial-CS9WPBV9XTE202X6AW8DJOIB2.pcm /Users/runner/work/CongcongTV-iOS/CongcongTV-iOS/build/DerivedData/ModuleCache.noindex/dnssd-1QB0VZSOCTL7JZV97R2IFQIMN.pcm /Users/runner/work/CongcongTV-iOS/CongcongTV-iOS/build/DerivedData/ModuleCache.noindex/simd-EU37VCOQ5NQSBZDVYOFR96G9U.pcm /Users/runner/work/CongcongTV-iOS/CongcongTV-iOS/build/DerivedData/ModuleCache.noindex/CoreAudio-45A53H3WIF4ZCQGECSZP60RDH.pcm /Users/runner/work/CongcongTV-iOS/CongcongTV-iOS/build/DerivedData/ModuleCache.noindex/_Builtin_stdatomic-9RSUKL80X9DB2W7BNPDYCKXLZ.pcm /Users/runner/work/CongcongTV-iOS/CongcongTV-iOS/build/DerivedData/ModuleCache.noindex/os-DKCCFFAI3AP5GD7A0X72DKAZH.pcm /Users/runner/work/CongcongTV-iOS/CongcongTV-iOS/build/DerivedData/ModuleCache.noindex/_DarwinFoundation1-4DEXHTUU22UHV8GLRN6K0Z0S.pcm /Users/runner/work/CongcongTV-iOS/CongcongTV-iOS/build/DerivedData/ModuleCache.noindex/Darwin-R8EI727I6KOT34NNP50Y9J8H.pcm /Users/runner/work/CongcongTV-iOS/CongcongTV-iOS/build/DerivedData/ModuleCache.noindex/OpenGLES-1M1VZCWSD45SFMADDA1XQ8JCW.pcm /Users/runner/work/CongcongTV-iOS/CongcongTV-iOS/build/DerivedData/ModuleCache.noindex/DataDetection-CTTEC7DYZ7NX893XXMNQ7UH12.pcm /Users/runner/work/CongcongTV-iOS/CongcongTV-iOS/build/DerivedData/ModuleCache.noindex/UIUtilities-UXDXAMNIT2JAX4A3HL92K1WP.pcm /Users/runner/work/CongcongTV-iOS/CongcongTV-iOS/build/DerivedData/ModuleCache.noindex/CoreGraphics-B7JLYSIARLLOUDD38DG9RXOTA.pcm /Users/runner/work/CongcongTV-iOS/CongcongTV-iOS/build/DerivedData/ModuleCache.noindex/_Builtin_stddef-2YWOWIVJD7085IM5EYJUL0K11.pcm /Users/runner/work/CongcongTV-iOS/CongcongTV-iOS/build/DerivedData/ModuleCache.noindex/Accessibility-6LNI9SYOW852OD62QVBGHRHEL.pcm /Users/runner/work/CongcongTV-iOS/CongcongTV-iOS/build/DerivedData/ModuleCache.noindex/QuartzCore-EPP65DBGFFE7HNZXY2Q6JLYBL.pcm /Users/runner/work/CongcongTV-iOS/CongcongTV-iOS/build/DerivedData/ModuleCache.noindex/CoreText-AJA21IC9RNWH2B38DTYCB657P.pcm /Users/runner/work/CongcongTV-iOS/CongcongTV-iOS/build/DerivedData/ModuleCache.noindex/XPC-UI9RYUFZJF9XKQX6PN7A789M.pcm /Users/runner/work/CongcongTV-iOS/CongcongTV-iOS/build/DerivedData/ModuleCache.noindex/IOSurface-B0MAMA42FXLB1G953B0JDUVMZ.pcm /Users/runner/work/CongcongTV-iOS/CongcongTV-iOS/build/DerivedData/ModuleCache.noindex/_AvailabilityInternal-AULVFESZH3EDCEGLTQZ3B5UIO.pcm /Users/runner/work/CongcongTV-iOS/CongcongTV-iOS/build/DerivedData/ModuleCache.noindex/SwiftUICore-409WUOOKMTAYQYG1JTA7JSHXH.pcm /Users/runner/work/CongcongTV-iOS/CongcongTV-iOS/build/DerivedData/ModuleCache.noindex/MachO-CITQXGZF4PVKU2XQ0HZL8KZ4Z.pcm /Users/runner/work/CongcongTV-iOS/CongcongTV-iOS/build/DerivedData/ModuleCache.noindex/Security-8IDD2GUQ6HB6N5VZLPSASXK96.pcm /Users/runner/work/CongcongTV-iOS/CongcongTV-iOS/build/DerivedData/ModuleCache.noindex/FileProvider-3DRIVYH5G419I09479ZE4DZS3.pcm /Users/runner/work/CongcongTV-iOS/CongcongTV-iOS/build/DerivedData/ModuleCache.noindex/AVKit-9852UPGYMU2Z096GPGFQA7DRT.pcm /Users/runner/work/CongcongTV-iOS/CongcongTV-iOS/build/DerivedData/ModuleCache.noindex/ObjectiveC-EMPWMGPH5JSM0IL6Q1AOR6I1J.pcm /Users/runner/work/CongcongTV-iOS/CongcongTV-iOS/build/DerivedData/ModuleCache.noindex/OSLog-4BW5QVFBT49XKCUACLXGG1CSN.pcm /Users/runner/work/CongcongTV-iOS/CongcongTV-iOS/build/DerivedData/ModuleCache.noindex/CoreFoundation-DMNZUWPCR2C733D8WEYMXCH3J.pcm /Users/runner/work/CongcongTV-iOS/CongcongTV-iOS/build/DerivedData/ModuleCache.noindex/_Builtin_stdarg-E1W0EL6SMGTUU7PH2S17YQ0RU.pcm /Users/runner/work/CongcongTV-iOS/CongcongTV-iOS/build/DerivedData/ModuleCache.noindex/_Builtin_limits-DMIC1H992PREM8YQYJS1GLPRG.pcm /Users/runner/work/CongcongTV-iOS/CongcongTV-iOS/build/DerivedData/ModuleCache.noindex/CoreTransferable-84DQ0SDHYNXIN5SVLHPZJHJE4.pcm /Users/runner/work/CongcongTV-iOS/CongcongTV-iOS/build/DerivedData/ModuleCache.noindex/Dispatch-DVHY56KX9FRP7T5HZJWRHHNU5.pcm /Users/runner/work/CongcongTV-iOS/CongcongTV-iOS/build/DerivedData/ModuleCache.noindex/os_object-1KERXSFH0287XQPMYVHW9UOFE.pcm /Users/runner/work/CongcongTV-iOS/CongcongTV-iOS/build/DerivedData/ModuleCache.noindex/CoreAudioTypes-EDU96ADDUCZP80V8VZ044FCZU.pcm /Users/runner/work/CongcongTV-iOS/CongcongTV-iOS/build/DerivedData/ModuleCache.noindex/_Builtin_tgmath-A0JJ0ZRXRAOW9VAMRAU5GOSJX.pcm /Users/runner/work/CongcongTV-iOS/CongcongTV-iOS/build/DerivedData/ModuleCache.noindex/_Builtin_intrinsics-1KB49QG12ISAM0SCBXPFREK0F.pcm /Users/runner/work/CongcongTV-iOS/CongcongTV-iOS/build/DerivedData/ModuleCache.noindex/CoreImage-AU9QVWM1JFLNJ3YI14VLBI6I.pcm /Users/runner/work/CongcongTV-iOS/CongcongTV-iOS/build/DerivedData/ModuleCache.noindex/CoreMIDI-898G1MSPG5PDCB0Q5LV55HO8H.pcm /Users/runner/work/CongcongTV-iOS/CongcongTV-iOS/build/DerivedData/ModuleCache.noindex/ImageIO-1YUORRYPS1R7OS7XK40KTBH9U.pcm /Users/runner/work/CongcongTV-iOS/CongcongTV-iOS/build/DerivedData/ModuleCache.noindex/ptrcheck-17DP2AQQAXS63AAGRTE71KWY2.pcm /Users/runner/work/CongcongTV-iOS/CongcongTV-iOS/build/DerivedData/ModuleCache.noindex/CFNetwork-6CBUUSF3G1GX1G8KD57TWJ5DK.pcm /Users/runner/work/CongcongTV-iOS/CongcongTV-iOS/build/DerivedData/ModuleCache.noindex/AVFAudio-BH2R87CWOJJUIXSTDXIRAN5B2.pcm /Users/runner/work/CongcongTV-iOS/CongcongTV-iOS/build/DerivedData/ModuleCache.noindex/Metal-7HJDUABIS3G3ZIZWKIF5UONWY.pcm /Users/runner/work/CongcongTV-iOS/CongcongTV-iOS/build/DerivedData/ModuleCache.noindex/CoreMedia-41YGH5J7TTPJQT0CPWBY2N94.pcm /Users/runner/work/CongcongTV-iOS/CongcongTV-iOS/build/DerivedData/ModuleCache.noindex/_Builtin_stdbool-7JAOIJ3M1XQ7AHYHRRA3BJXAL.pcm /Users/runner/work/CongcongTV-iOS/CongcongTV-iOS/build/DerivedData/ModuleCache.noindex/SwiftUI-D0GVBFRXA8PJ6BOWOVWEAYJT3.pcm /Users/runner/work/CongcongTV-iOS/CongcongTV-iOS/build/DerivedData/ModuleCache.noindex/AudioToolbox-CUAXFYJDNEAOMCXDACZVEXTBY.pcm /Users/runner/work/CongcongTV-iOS/CongcongTV-iOS/build/DerivedData/Build/Intermediates.noindex/CongcongTV.build/Release-iphoneos/CongcongTV.build/Objects-normal/arm64/CongcongTV-dependencies-1.json (in target 'CongcongTV' from project 'CongcongTV')
2026-09-21T17:24:03.7433210Z 	Building project CongcongTV with scheme CongcongTV and configuration Release
2026-09-21T17:24:03.7433680Z (3 failures)
2026-09-21T17:24:03.7433950Z                                          ~~~~~~~~~~~~~~~~~~~~^~~~~~
2026-09-21T17:24:03.7434560Z /Users/runner/work/CongcongTV-iOS/CongcongTV-iOS/CongcongTV/Services/JSEnv.swift:226:58: error: extra argument 'withArguments' in call
2026-09-21T17:24:03.7435380Z         if let v = ctx.evaluateScript(js, withArguments: [tid, pg]).toObject() {
2026-09-21T17:24:03.7435770Z                                      ~~~~~~~~~~~~~~~~~~~~^~~~~~~~~~
2026-09-21T17:24:03.7436820Z /Users/runner/work/CongcongTV-iOS/CongcongTV-iOS/CongcongTV/Services/JSEnv.swift:235:55: error: extra argument 'withArguments' in call
2026-09-21T17:24:03.7437500Z         let v = ctx.evaluateScript(js, withArguments: [vodId]).toObject()
2026-09-21T17:24:03.7437930Z                                   ~~~~~~~~~~~~~~~~~~~~^~~~~~~~
2026-09-21T17:24:03.7438550Z /Users/runner/work/CongcongTV-iOS/CongcongTV-iOS/CongcongTV/Services/JSEnv.swift:243:58: error: extra argument 'withArguments' in call
2026-09-21T17:24:03.7439350Z         if let v = ctx.evaluateScript(js, withArguments: [encoded, pg]).toObject() {
2026-09-21T17:24:03.7439780Z                                      ~~~~~~~~~~~~~~~~~~~~^~~~~~~~~~~~~~
2026-09-21T17:24:03.7440370Z /Users/runner/work/CongcongTV-iOS/CongcongTV-iOS/CongcongTV/Services/JSEnv.swift:252:58: error: extra argument 'withArguments' in call
2026-09-21T17:24:03.7441020Z         if let v = ctx.evaluateScript(js, withArguments: [flag, url]).toObject() {
2026-09-21T17:24:03.7441430Z                                      ~~~~~~~~~~~~~~~~~~~~^~~~~~~~~~~~
2026-09-21T17:24:03.7442180Z /Users/runner/work/CongcongTV-iOS/CongcongTV-iOS/CongcongTV/Services/JSEnv.swift:272:23: warning: capture of 'self' with non-Sendable type 'JSEnv' in a '@Sendable' closure
2026-09-21T17:24:03.7449550Z                 guard self.activateSiteCore(site) else { cont.resume(returning: []); return }
2026-09-21T17:24:03.7449910Z                       ^
2026-09-21T17:24:03.7450460Z /Users/runner/work/CongcongTV-iOS/CongcongTV-iOS/CongcongTV/Services/JSEnv.swift:18:13: note: class 'JSEnv' does not conform to the 'Sendable' protocol
2026-09-21T17:24:03.7451020Z final class JSEnv {
2026-09-21T17:24:03.7451170Z             ^
2026-09-21T17:24:03.7451750Z /Users/runner/work/CongcongTV-iOS/CongcongTV-iOS/CongcongTV/Services/JSEnv.swift:281:23: warning: capture of 'self' with non-Sendable type 'JSEnv' in a '@Sendable' closure
2026-09-21T17:24:03.7452510Z                 guard self.activateSiteCore(site) else { cont.resume(returning: []); return }
2026-09-21T17:24:03.7452850Z                       ^
2026-09-21T17:24:03.7454080Z /Users/runner/work/CongcongTV-iOS/CongcongTV-iOS/CongcongTV/Services/JSEnv.swift:18:13: note: class 'JSEnv' does not conform to the 'Sendable' protocol
2026-09-21T17:24:03.7454610Z final class JSEnv {
2026-09-21T17:24:03.7454770Z             ^
2026-09-21T17:24:03.7455470Z /Users/runner/work/CongcongTV-iOS/CongcongTV-iOS/CongcongTV/Services/JSEnv.swift:290:23: warning: capture of 'self' with non-Sendable type 'JSEnv' in a '@Sendable' closure
2026-09-21T17:24:03.7456450Z                 guard self.activateSiteCore(site) else { cont.resume(returning: []); return }
2026-09-21T17:24:03.7457030Z                       ^
2026-09-21T17:24:03.7457670Z /Users/runner/work/CongcongTV-iOS/CongcongTV-iOS/CongcongTV/Services/JSEnv.swift:18:13: note: class 'JSEnv' does not conform to the 'Sendable' protocol
2026-09-21T17:24:03.7458340Z final class JSEnv {
2026-09-21T17:24:03.7458550Z             ^
2026-09-21T17:24:03.7459220Z /Users/runner/work/CongcongTV-iOS/CongcongTV-iOS/CongcongTV/Services/JSEnv.swift:299:23: warning: capture of 'self' with non-Sendable type 'JSEnv' in a '@Sendable' closure
2026-09-21T17:24:03.7460090Z                 guard self.activateSiteCore(site) else { cont.resume(returning: nil); return }
2026-09-21T17:24:03.7460570Z                       ^
2026-09-21T17:24:03.7461360Z /Users/runner/work/CongcongTV-iOS/CongcongTV-iOS/CongcongTV/Services/JSEnv.swift:18:13: note: class 'JSEnv' does not conform to the 'Sendable' protocol
2026-09-21T17:24:03.7461960Z final class JSEnv {
2026-09-21T17:24:03.7462180Z             ^
2026-09-21T17:24:03.7463710Z /Users/runner/work/CongcongTV-iOS/CongcongTV-iOS/CongcongTV/Services/JSEnv.swift:308:23: warning: capture of 'self' with non-Sendable type 'JSEnv' in a '@Sendable' closure
2026-09-21T17:24:03.7465150Z                 guard self.activateSiteCore(site) else { cont.resume(returning: []); return }
2026-09-21T17:24:03.7465530Z                       ^
2026-09-21T17:24:03.7466080Z /Users/runner/work/CongcongTV-iOS/CongcongTV-iOS/CongcongTV/Services/JSEnv.swift:18:13: note: class 'JSEnv' does not conform to the 'Sendable' protocol
2026-09-21T17:24:03.7466780Z final class JSEnv {
2026-09-21T17:24:03.7467120Z             ^
2026-09-21T17:24:03.7469530Z /Users/runner/work/CongcongTV-iOS/CongcongTV-iOS/CongcongTV/Services/JSEnv.swift:317:23: warning: capture of 'self' with non-Sendable type 'JSEnv' in a '@Sendable' closure
2026-09-21T17:24:03.7470310Z                 guard self.activateSiteCore(site) else { cont.resume(returning: PlayResult()); return }
2026-09-21T17:24:03.7470660Z                       ^
2026-09-21T17:24:03.7471170Z /Users/runner/work/CongcongTV-iOS/CongcongTV-iOS/CongcongTV/Services/JSEnv.swift:18:13: note: class 'JSEnv' does not conform to the 'Sendable' protocol
2026-09-21T17:24:03.7476350Z final class JSEnv {
2026-09-21T17:24:03.7476480Z             ^
2026-09-21T17:24:03.7477130Z /Users/runner/work/CongcongTV-iOS/CongcongTV-iOS/CongcongTV/Models/Mapper.swift:90:25: error: call can throw but is not marked with 'try'
2026-09-21T17:24:03.7478070Z         let formatter = JSONSerialization.data(withJSONObject: dict, options: [])
2026-09-21T17:24:03.7480050Z                         ^~~~~~~~~~~~~~~~~~~~~~~~~~~~~~~~~~~~~~~~~~~~~~~~~~~~~~~~~
2026-09-21T17:24:03.7480880Z /Users/runner/work/CongcongTV-iOS/CongcongTV-iOS/CongcongTV/Models/Mapper.swift:90:25: note: did you mean to use 'try'?
2026-09-21T17:24:03.7481760Z         let formatter = JSONSerialization.data(withJSONObject: dict, options: [])
2026-09-21T17:24:03.7482500Z                         ^
2026-09-21T17:24:03.7482800Z                         try 
2026-09-21T17:24:03.7483530Z /Users/runner/work/CongcongTV-iOS/CongcongTV-iOS/CongcongTV/Models/Mapper.swift:90:25: note: did you mean to handle error as optional value?
2026-09-21T17:24:03.7484210Z         let formatter = JSONSerialization.data(withJSONObject: dict, options: [])
2026-09-21T17:24:03.7484530Z                         ^
2026-09-21T17:24:03.7484690Z                         try? 
2026-09-21T17:24:03.7485140Z /Users/runner/work/CongcongTV-iOS/CongcongTV-iOS/CongcongTV/Models/Mapper.swift:90:25: note: did you mean to disable error propagation?
2026-09-21T17:24:03.7485740Z         let formatter = JSONSerialization.data(withJSONObject: dict, options: [])
2026-09-21T17:24:03.7486050Z                         ^
2026-09-21T17:24:03.7486200Z                         try! 
2026-09-21T17:24:03.7486320Z 
2026-09-21T17:24:03.7486390Z Failed frontend command:
2026-09-21T17:24:03.7559570Z /Applications/Xcode_26.3.app/Contents/Developer/Toolchains/XcodeDefault.xctoolchain/usr/bin/swift-frontend -frontend -c /Users/runner/work/CongcongTV-iOS/CongcongTV-iOS/CongcongTV/Models/AppConfig.swift /Users/runner/work/CongcongTV-iOS/CongcongTV-iOS/CongcongTV/AppModel.swift /Users/runner/work/CongcongTV-iOS/CongcongTV-iOS/CongcongTV/Views/CategoryView.swift /Users/runner/work/CongcongTV-iOS/CongcongTV-iOS/CongcongTV/Views/Components.swift /Users/runner/work/CongcongTV-iOS/CongcongTV-iOS/CongcongTV/Services/ConfigStore.swift /Users/runner/work/CongcongTV-iOS/CongcongTV-iOS/CongcongTV/CongcongTVApp.swift /Users/runner/work/CongcongTV-iOS/CongcongTV-iOS/CongcongTV/Views/DetailView.swift /Users/runner/work/CongcongTV-iOS/CongcongTV-iOS/CongcongTV/Services/EngineManager.swift /Users/runner/work/CongcongTV-iOS/CongcongTV-iOS/CongcongTV/Views/HistoryDetailView.swift /Users/runner/work/CongcongTV-iOS/CongcongTV-iOS/CongcongTV/Views/HomeView.swift /Users/runner/work/CongcongTV-iOS/CongcongTV-iOS/CongcongTV/Services/JSEnv.swift /Users/runner/work/CongcongTV-iOS/CongcongTV-iOS/CongcongTV/Views/LiveView.swift /Users/runner/work/CongcongTV-iOS/CongcongTV-iOS/CongcongTV/Models/Mapper.swift /Users/runner/work/CongcongTV-iOS/CongcongTV-iOS/CongcongTV/Views/ProfileView.swift /Users/runner/work/CongcongTV-iOS/CongcongTV-iOS/CongcongTV/Views/RootView.swift /Users/runner/work/CongcongTV-iOS/CongcongTV-iOS/CongcongTV/Views/SearchView.swift /Users/runner/work/CongcongTV-iOS/CongcongTV-iOS/CongcongTV/Views/SettingsView.swift /Users/runner/work/CongcongTV-iOS/CongcongTV-iOS/CongcongTV/Views/SiteCategoryView.swift /Users/runner/work/CongcongTV-iOS/CongcongTV-iOS/CongcongTV/Models/VOD.swift -supplementary-output-file-map /Users/runner/work/CongcongTV-iOS/CongcongTV-iOS/build/DerivedData/Build/Intermediates.noindex/CongcongTV.build/Release-iphoneos/CongcongTV.build/Objects-normal/arm64/supplementaryOutputs-1 -emit-localized-strings -emit-localized-strings-path /Users/runner/work/CongcongTV-iOS/CongcongTV-iOS/build/DerivedData/Build/Intermediates.noindex/CongcongTV.build/Release-iphoneos/CongcongTV.build/Objects-normal/arm64 -target arm64-apple-ios17.0 -disable-cross-import-overlay-search -swift-module-cross-import AVKit /Applications/Xcode_26.3.app/Contents/Developer/Platforms/iPhoneOS.platform/Developer/SDKs/iPhoneOS.sdk/System/Library/Frameworks/AVKit.framework/Modules/AVKit.swiftcrossimport/SwiftUI.swiftoverlay -swift-module-cross-import AVKit /Applications/Xcode_26.3.app/Contents/Developer/Platforms/iPhoneOS.platform/Developer/SDKs/iPhoneOS26.2.sdk/System/Library/Frameworks/AVKit.framework/Modules/AVKit.swiftcrossimport/SwiftUI.swiftoverlay -load-resolved-plugin /Applications/Xcode_26.3.app/Contents/Developer/Platforms/iPhoneOS.platform/Developer/usr/lib/swift/host/plugins/libFoundationMacros.dylib\#/Applications/Xcode_26.3.app/Contents/Developer/Platforms/iPhoneOS.platform/Developer/usr/bin/swift-plugin-server\#FoundationMacros -load-resolved-plugin /Applications/Xcode_26.3.app/Contents/Developer/Platforms/iPhoneOS.platform/Developer/usr/lib/swift/host/plugins/libObservationMacros.dylib\#/Applications/Xcode_26.3.app/Contents/Developer/Platforms/iPhoneOS.platform/Developer/usr/bin/swift-plugin-server\#ObservationMacros -load-resolved-plugin /Applications/Xcode_26.3.app/Contents/Developer/Platforms/iPhoneOS.platform/Developer/usr/lib/swift/host/plugins/libPreviewsMacros.dylib\#/Applications/Xcode_26.3.app/Contents/Developer/Platforms/iPhoneOS.platform/Developer/usr/bin/swift-plugin-server\#PreviewsMacros -load-resolved-plugin /Applications/Xcode_26.3.app/Contents/Developer/Platforms/iPhoneOS.platform/Developer/usr/lib/swift/host/plugins/libSwiftMacros.dylib\#/Applications/Xcode_26.3.app/Contents/Developer/Platforms/iPhoneOS.platform/Developer/usr/bin/swift-plugin-server\#SwiftMacros -load-resolved-plugin /Applications/Xcode_26.3.app/Contents/Developer/Platforms/iPhoneOS.platform/Developer/usr/lib/swift/host/plugins/libSwiftUIMacros.dylib\#/Applications/Xcode_26.3.app/Contents/Developer/Platforms/iPhoneOS.platform/Developer/usr/bin/swift-plugin-server\#SwiftUIMacros -load-resolved-plugin /Applications/Xcode_26.3.app/Contents/Developer/Platforms/iPhoneOS.platform/Developer/usr/lib/swift/host/plugins/libTipKitMacros.dylib\#/Applications/Xcode_26.3.app/Contents/Developer/Platforms/iPhoneOS.platform/Developer/usr/bin/swift-plugin-server\#TipKitMacros -disable-implicit-swift-modules -Xcc -fno-implicit-modules -Xcc -fno-implicit-module-maps -explicit-swift-module-map-file /Users/runner/work/CongcongTV-iOS/CongcongTV-iOS/build/DerivedData/Build/Intermediates.noindex/CongcongTV.build/Release-iphoneos/CongcongTV.build/Objects-normal/arm64/CongcongTV-dependencies-1.json -Xllvm -aarch64-use-tbi -enable-objc-interop -stack-check -sdk /Applications/Xcode_26.3.app/Contents/Developer/Platforms/iPhoneOS.platform/Developer/SDKs/iPhoneOS26.2.sdk -I /Users/runner/work/CongcongTV-iOS/CongcongTV-iOS/build/DerivedData/Build/Products/Release-iphoneos -F /Users/runner/work/CongcongTV-iOS/CongcongTV-iOS/build/DerivedData/Build/Products/Release-iphoneos -no-color-diagnostics -Xcc -fno-color-diagnostics -g -debug-info-format\=dwarf -dwarf-version\=4 -module-cache-path /Users/runner/work/CongcongTV-iOS/CongcongTV-iOS/build/DerivedData/Build/Intermediates.noindex/SwiftExplicitPrecompiledModules -swift-version 5 -enforce-exclusivity\=checked -O -serialize-debugging-options -const-gather-protocols-file /Users/runner/work/CongcongTV-iOS/CongcongTV-iOS/build/DerivedData/Build/Intermediates.noindex/CongcongTV.build/Release-iphoneos/CongcongTV.build/Objects-normal/arm64/CongcongTV_const_extract_protocols.json -enable-experimental-feature DebugDescriptionMacro -enable-bare-slash-regex -empty-abi-descriptor -validate-clang-modules-once -clang-build-session-file /Users/runner/work/CongcongTV-iOS/CongcongTV-iOS/build/DerivedData/ModuleCache.noindex/Session.modulevalidation -Xcc -working-directory -Xcc /Users/runner/work/CongcongTV-iOS/CongcongTV-iOS -file-compilation-dir /Users/runner/work/CongcongTV-iOS/CongcongTV-iOS -Xcc -ivfsstatcache -Xcc /Users/runner/work/CongcongTV-iOS/CongcongTV-iOS/build/DerivedData/SDKStatCaches.noindex/iphoneos26.2-23C57-dc75598d0054f22ec865fa860f139d722dd23b4ebda140f7210d155ff1243552.sdkstatcache -Xcc -I/Users/runner/work/CongcongTV-iOS/CongcongTV-iOS/build/DerivedData/Build/Intermediates.noindex/CongcongTV.build/Release-iphoneos/CongcongTV.build/swift-overrides.hmap -Xcc -iquote -Xcc /Users/runner/work/CongcongTV-iOS/CongcongTV-iOS/build/DerivedData/Build/Intermediates.noindex/CongcongTV.build/Release-iphoneos/CongcongTV.build/CongcongTV-generated-files.hmap -Xcc -I/Users/runner/work/CongcongTV-iOS/CongcongTV-iOS/build/DerivedData/Build/Intermediates.noindex/CongcongTV.build/Release-iphoneos/CongcongTV.build/CongcongTV-own-target-headers.hmap -Xcc -I/Users/runner/work/CongcongTV-iOS/CongcongTV-iOS/build/DerivedData/Build/Intermediates.noindex/CongcongTV.build/Release-iphoneos/CongcongTV.build/CongcongTV-all-target-headers.hmap -Xcc -iquote -Xcc /Users/runner/work/CongcongTV-iOS/CongcongTV-iOS/build/DerivedData/Build/Intermediates.noindex/CongcongTV.build/Release-iphoneos/CongcongTV.build/CongcongTV-project-headers.hmap -Xcc -I/Users/runner/work/CongcongTV-iOS/CongcongTV-iOS/build/DerivedData/Build/Products/Release-iphoneos/include -Xcc -I/Users/runner/work/CongcongTV-iOS/CongcongTV-iOS/build/DerivedData/Build/Intermediates.noindex/CongcongTV.build/Release-iphoneos/CongcongTV.build/DerivedSources-normal/arm64 -Xcc -I/Users/runner/work/CongcongTV-iOS/CongcongTV-iOS/build/DerivedData/Build/Intermediates.noindex/CongcongTV.build/Release-iphoneos/CongcongTV.build/DerivedSources/arm64 -Xcc -I/Users/runner/work/CongcongTV-iOS/CongcongTV-iOS/build/DerivedData/Build/Intermediates.noindex/CongcongTV.build/Release-iphoneos/CongcongTV.build/DerivedSources -no-auto-bridging-header-chaining -module-name CongcongTV -frontend-parseable-output -disable-clang-spi -target-sdk-version 26.2 -target-sdk-name iphoneos26.2 -clang-target arm64-apple-ios26.2 -in-process-plugin-server-path /Applications/Xcode_26.3.app/Contents/Developer/Toolchains/XcodeDefault.xctoolchain/usr/lib/swift/host/libSwiftInProcPluginServer.dylib -enable-default-cmo -num-threads 3 -o /Users/runner/work/CongcongTV-iOS/CongcongTV-iOS/build/DerivedData/Build/Intermediates.noindex/CongcongTV.build/Release-iphoneos/CongcongTV.build/Objects-normal/arm64/AppConfig.o -o /Users/runner/work/CongcongTV-iOS/CongcongTV-iOS/build/DerivedData/Build/Intermediates.noindex/CongcongTV.build/Release-iphoneos/CongcongTV.build/Objects-normal/arm64/AppModel.o -o /Users/runner/work/CongcongTV-iOS/CongcongTV-iOS/build/DerivedData/Build/Intermediates.noindex/CongcongTV.build/Release-iphoneos/CongcongTV.build/Objects-normal/arm64/CategoryView.o -o /Users/runner/work/CongcongTV-iOS/CongcongTV-iOS/build/DerivedData/Build/Intermediates.noindex/CongcongTV.build/Release-iphoneos/CongcongTV.build/Objects-normal/arm64/Components.o -o /Users/runner/work/CongcongTV-iOS/CongcongTV-iOS/build/DerivedData/Build/Intermediates.noindex/CongcongTV.build/Release-iphoneos/CongcongTV.build/Objects-normal/arm64/ConfigStore.o -o /Users/runner/work/CongcongTV-iOS/CongcongTV-iOS/build/DerivedData/Build/Intermediates.noindex/CongcongTV.build/Release-iphoneos/CongcongTV.build/Objects-normal/arm64/CongcongTVApp.o -o /Users/runner/work/CongcongTV-iOS/CongcongTV-iOS/build/DerivedData/Build/Intermediates.noindex/CongcongTV.build/Release-iphoneos/CongcongTV.build/Objects-normal/arm64/DetailView.o -o /Users/runner/work/CongcongTV-iOS/CongcongTV-iOS/build/DerivedData/Build/Intermediates.noindex/CongcongTV.build/Release-iphoneos/CongcongTV.build/Objects-normal/arm64/EngineManager.o -o /Users/runner/work/CongcongTV-iOS/CongcongTV-iOS/build/DerivedData/Build/Intermediates.noindex/CongcongTV.build/Release-iphoneos/CongcongTV.build/Objects-normal/arm64/HistoryDetailView.o -o /Users/runner/work/CongcongTV-iOS/CongcongTV-iOS/build/DerivedData/Build/Intermediates.noindex/CongcongTV.build/Release-iphoneos/CongcongTV.build/Objects-normal/arm64/HomeView.o -o /Users/runner/work/CongcongTV-iOS/CongcongTV-iOS/build/DerivedData/Build/Intermediates.noindex/CongcongTV.build/Release-iphoneos/CongcongTV.build/Objects-normal/arm64/JSEnv.o -o /Users/runner/work/CongcongTV-iOS/CongcongTV-iOS/build/DerivedData/Build/Intermediates.noindex/CongcongTV.build/Release-iphoneos/CongcongTV.build/Objects-normal/arm64/LiveView.o -o /Users/runner/work/CongcongTV-iOS/CongcongTV-iOS/build/DerivedData/Build/Intermediates.noindex/CongcongTV.build/Release-iphoneos/CongcongTV.build/Objects-normal/arm64/Mapper.o -o /Users/runner/work/CongcongTV-iOS/CongcongTV-iOS/build/DerivedData/Build/Intermediates.noindex/CongcongTV.build/Release-iphoneos/CongcongTV.build/Objects-normal/arm64/ProfileView.o -o /Users/runner/work/CongcongTV-iOS/CongcongTV-iOS/build/DerivedData/Build/Intermediates.noindex/CongcongTV.build/Release-iphoneos/CongcongTV.build/Objects-normal/arm64/RootView.o -o /Users/runner/work/CongcongTV-iOS/CongcongTV-iOS/build/DerivedData/Build/Intermediates.noindex/CongcongTV.build/Release-iphoneos/CongcongTV.build/Objects-normal/arm64/SearchView.o -o /Users/runner/work/CongcongTV-iOS/CongcongTV-iOS/build/DerivedData/Build/Intermediates.noindex/CongcongTV.build/Release-iphoneos/CongcongTV.build/Objects-normal/arm64/SettingsView.o -o /Users/runner/work/CongcongTV-iOS/CongcongTV-iOS/build/DerivedData/Build/Intermediates.noindex/CongcongTV.build/Release-iphoneos/CongcongTV.build/Objects-normal/arm64/SiteCategoryView.o -o /Users/runner/work/CongcongTV-iOS/CongcongTV-iOS/build/DerivedData/Build/Intermediates.noindex/CongcongTV.build/Release-iphoneos/CongcongTV.build/Objects-normal/arm64/VOD.o -index-unit-output-path /CongcongTV.build/Release-iphoneos/CongcongTV.build/Objects-normal/arm64/AppConfig.o -index-unit-output-path /CongcongTV.build/Release-iphoneos/CongcongTV.build/Objects-normal/arm64/AppModel.o -index-unit-output-path /CongcongTV.build/Release-iphoneos/CongcongTV.build/Objects-normal/arm64/CategoryView.o -index-unit-output-path /CongcongTV.build/Release-iphoneos/CongcongTV.build/Objects-normal/arm64/Components.o -index-unit-output-path /CongcongTV.build/Release-iphoneos/CongcongTV.build/Objects-normal/arm64/ConfigStore.o -index-unit-output-path /CongcongTV.build/Release-iphoneos/CongcongTV.build/Objects-normal/arm64/CongcongTVApp.o -index-unit-output-path /CongcongTV.build/Release-iphoneos/CongcongTV.build/Objects-normal/arm64/DetailView.o -index-unit-output-path /CongcongTV.build/Release-iphoneos/CongcongTV.build/Objects-normal/arm64/EngineManager.o -index-unit-output-path /CongcongTV.build/Release-iphoneos/CongcongTV.build/Objects-normal/arm64/HistoryDetailView.o -index-unit-output-path /CongcongTV.build/Release-iphoneos/CongcongTV.build/Objects-normal/arm64/HomeView.o -index-unit-output-path /CongcongTV.build/Release-iphoneos/CongcongTV.build/Objects-normal/arm64/JSEnv.o -index-unit-output-path /CongcongTV.build/Release-iphoneos/CongcongTV.build/Objects-normal/arm64/LiveView.o -index-unit-output-path /CongcongTV.build/Release-iphoneos/CongcongTV.build/Objects-normal/arm64/Mapper.o -index-unit-output-path /CongcongTV.build/Release-iphoneos/CongcongTV.build/Objects-normal/arm64/ProfileView.o -index-unit-output-path /CongcongTV.build/Release-iphoneos/CongcongTV.build/Objects-normal/arm64/RootView.o -index-unit-output-path /CongcongTV.build/Release-iphoneos/CongcongTV.build/Objects-normal/arm64/SearchView.o -index-unit-output-path /CongcongTV.build/Release-iphoneos/CongcongTV.build/Objects-normal/arm64/SettingsView.o -index-unit-output-path /CongcongTV.build/Release-iphoneos/CongcongTV.build/Objects-normal/arm64/SiteCategoryView.o -index-unit-output-path /CongcongTV.build/Release-iphoneos/CongcongTV.build/Objects-normal/arm64/VOD.o
2026-09-21T17:24:03.7757060Z ##[error]Process completed with exit code 65.
2026-09-21T17:24:03.8070210Z Node 20 is being deprecated. This workflow is running with Node 24 by default. If you need to temporarily use Node 20, you can set the ACTIONS_ALLOW_USE_UNSECURE_NODE_VERSION=true environment variable. For more information see: https://github.blog/changelog/2025-09-19-deprecation-of-node-20-on-github-actions-runners/
2026-09-21T17:24:03.8071750Z Post job cleanup.
2026-09-21T17:24:04.2318780Z [command]/opt/homebrew/bin/git version
2026-09-21T17:24:04.3034030Z git version 2.55.0
2026-09-21T17:24:04.3081770Z Copying '/Users/runner/.gitconfig' to '/Users/runner/work/_temp/c529a68a-3d80-4100-979a-94342b990b88/.gitconfig'
2026-09-21T17:24:04.3082650Z Temporarily overriding HOME='/Users/runner/work/_temp/c529a68a-3d80-4100-979a-94342b990b88' before making global git config changes
2026-09-21T17:24:04.3083350Z Adding repository directory to the temporary git global config as a safe directory
2026-09-21T17:24:04.3084070Z [command]/opt/homebrew/bin/git config --global --add safe.directory /Users/runner/work/CongcongTV-iOS/CongcongTV-iOS
2026-09-21T17:24:04.3228570Z [command]/opt/homebrew/bin/git config --local --name-only --get-regexp core\.sshCommand
2026-09-21T17:24:04.3320610Z [command]/opt/homebrew/bin/git submodule foreach --recursive sh -c "git config --local --name-only --get-regexp 'core\.sshCommand' && git config --local --unset-all 'core.sshCommand' || :"
2026-09-21T17:24:04.4716620Z [command]/opt/homebrew/bin/git config --local --name-only --get-regexp http\.https\:\/\/github\.com\/\.extraheader
2026-09-21T17:24:04.4794010Z http.https://github.com/.extraheader
2026-09-21T17:24:04.4808090Z [command]/opt/homebrew/bin/git config --local --unset-all http.https://github.com/.extraheader
2026-09-21T17:24:04.4896800Z [command]/opt/homebrew/bin/git submodule foreach --recursive sh -c "git config --local --name-only --get-regexp 'http\.https\:\/\/github\.com\/\.extraheader' && git config --local --unset-all 'http.https://github.com/.extraheader' || :"
2026-09-21T17:24:04.6048970Z [command]/opt/homebrew/bin/git config --local --name-only --get-regexp ^includeIf\.gitdir:
2026-09-21T17:24:04.6117890Z [command]/opt/homebrew/bin/git submodule foreach --recursive git config --local --show-origin --name-only --get-regexp remote.origin.url
2026-09-21T17:24:04.7963150Z Cleaning up orphan processes
2026-09-21T17:24:05.7345430Z ##[warning]Node.js 20 is deprecated. The following actions target Node.js 20 but are being forced to run on Node.js 24: actions/checkout@v4. For more information see: https://github.blog/changelog/2025-09-19-deprecation-of-node-20-on-github-actions-runners/
